Test Name	Language	Components	Gold File	Prediction File	Uploaded Gold File	Uploaded Prediction File	Experiment URI	BertScore F1	BLEU	BLEU NLTK	METEOR	chrF++	TER	Error Count	Timestamp	GERBIL version
QALD10-MT	de	['babelscape_ner', 'mag_el', 'libre_mt']	QALD10-MT_de-en_gold_file	pred_results/QALD10-MT_de-babelscape_ner-mag_el-libre_mt	4800eb55f4854f95a90f196543c65d2bQALD10-MT_de-en_gold_file.txt	a45743c881f441788742da33fbaee226QALD10-MT_de-babelscape_ner-mag_el-libre_mt.txt	https://beng.dice-research.org/gerbil/experiment?id=202210140402	0.904160163	30.63	0.3	0.37	0.6	0.5	0	2022-10-14 07:25:22	1.2.7
QALD10-MT	de	['babelscape_ner', 'mag_el', 'opus_mt']	QALD10-MT_de-en_gold_file	pred_results/QALD10-MT_de-babelscape_ner-mag_el-opus_mt	4800eb55f4854f95a90f196543c65d2bQALD10-MT_de-en_gold_file.txt	2add516a8f7445b59519896857f8bdefQALD10-MT_de-babelscape_ner-mag_el-opus_mt.txt	https://beng.dice-research.org/gerbil/experiment?id=202210140403	0.9146282794	34.39	0.34	0.39	0.63	0.45	0	2022-10-14 07:25:49	1.2.7
QALD10-MT	de	['babelscape_ner', 'mag_el', 'nllb_mt']	QALD10-MT_de-en_gold_file	pred_results/QALD10-MT_de-babelscape_ner-mag_el-nllb_mt	4800eb55f4854f95a90f196543c65d2bQALD10-MT_de-en_gold_file.txt	d9e7701923a442b5bfc842f5a9f73802QALD10-MT_de-babelscape_ner-mag_el-nllb_mt.txt	https://beng.dice-research.org/gerbil/experiment?id=202210140404	0.9237451233	33.97	0.34	0.4	0.62	0.45	0	2022-10-14 07:26:16	1.2.7
QALD10-MT	de	['babelscape_ner', 'mag_el', 'mbart_mt']	QALD10-MT_de-en_gold_file	pred_results/QALD10-MT_de-babelscape_ner-mag_el-mbart_mt	4800eb55f4854f95a90f196543c65d2bQALD10-MT_de-en_gold_file.txt	ef257ebf316f4f4bafbd3457de75ead7QALD10-MT_de-babelscape_ner-mag_el-mbart_mt.txt	https://beng.dice-research.org/gerbil/experiment?id=202210140405	0.9198772328	33.67	0.33	0.39	0.62	0.47	0	2022-10-14 07:26:43	1.2.7
QALD10-MT	de	['babelscape_ner', 'mgenre_el', 'libre_mt']	QALD10-MT_de-en_gold_file	pred_results/QALD10-MT_de-babelscape_ner-mgenre_el-libre_mt	4800eb55f4854f95a90f196543c65d2bQALD10-MT_de-en_gold_file.txt	a1b55622a3af4739abeebdf3e270d150QALD10-MT_de-babelscape_ner-mgenre_el-libre_mt.txt	https://beng.dice-research.org/gerbil/experiment?id=202210140406	0.9425255568	32.29	0.32	0.39	0.62	0.48	0	2022-10-14 07:27:10	1.2.7
QALD10-MT	de	['babelscape_ner', 'mgenre_el', 'opus_mt']	QALD10-MT_de-en_gold_file	pred_results/QALD10-MT_de-babelscape_ner-mgenre_el-opus_mt	4800eb55f4854f95a90f196543c65d2bQALD10-MT_de-en_gold_file.txt	abbaf4d9bd8641569b87cd48da429e32QALD10-MT_de-babelscape_ner-mgenre_el-opus_mt.txt	https://beng.dice-research.org/gerbil/experiment?id=202210140407	0.9506121403	35.53	0.35	0.41	0.65	0.43	0	2022-10-14 07:27:37	1.2.7
QALD10-MT	de	['babelscape_ner', 'mgenre_el', 'nllb_mt']	QALD10-MT_de-en_gold_file	pred_results/QALD10-MT_de-babelscape_ner-mgenre_el-nllb_mt	4800eb55f4854f95a90f196543c65d2bQALD10-MT_de-en_gold_file.txt	094c30b23e8d4ac7983c7e3b078abdbbQALD10-MT_de-babelscape_ner-mgenre_el-nllb_mt.txt	https://beng.dice-research.org/gerbil/experiment?id=202210140408	0.9528197413	35.4	0.35	0.41	0.64	0.44	0	2022-10-14 07:28:04	1.2.7
QALD10-MT	de	['babelscape_ner', 'mgenre_el', 'mbart_mt']	QALD10-MT_de-en_gold_file	pred_results/QALD10-MT_de-babelscape_ner-mgenre_el-mbart_mt	4800eb55f4854f95a90f196543c65d2bQALD10-MT_de-en_gold_file.txt	dd51538b1e24483ab3637f2a8331046eQALD10-MT_de-babelscape_ner-mgenre_el-mbart_mt.txt	https://beng.dice-research.org/gerbil/experiment?id=202210140409	0.9462325606	34.88	0.35	0.4	0.64	0.45	0	2022-10-14 07:28:31	1.2.7
QALD10-MT	de	['flair_ner', 'mag_el', 'libre_mt']	QALD10-MT_de-en_gold_file	pred_results/QALD10-MT_de-flair_ner-mag_el-libre_mt	4800eb55f4854f95a90f196543c65d2bQALD10-MT_de-en_gold_file.txt	2dba0da26ef24761b57554ad97a4a157QALD10-MT_de-flair_ner-mag_el-libre_mt.txt	https://beng.dice-research.org/gerbil/experiment?id=202210140410	0.9137478009	31.32	0.31	0.38	0.6	0.49	0	2022-10-14 07:28:58	1.2.7
QALD10-MT	de	['flair_ner', 'mag_el', 'opus_mt']	QALD10-MT_de-en_gold_file	pred_results/QALD10-MT_de-flair_ner-mag_el-opus_mt	4800eb55f4854f95a90f196543c65d2bQALD10-MT_de-en_gold_file.txt	b7d48ddf18ce4da8a7273823da0d12abQALD10-MT_de-flair_ner-mag_el-opus_mt.txt	https://beng.dice-research.org/gerbil/experiment?id=202210140411	0.9272025942	34.72	0.34	0.4	0.63	0.44	0	2022-10-14 07:29:25	1.2.7
QALD10-MT	de	['flair_ner', 'mag_el', 'nllb_mt']	QALD10-MT_de-en_gold_file	pred_results/QALD10-MT_de-flair_ner-mag_el-nllb_mt	4800eb55f4854f95a90f196543c65d2bQALD10-MT_de-en_gold_file.txt	7714c350a2e2473a9c0a56d50017a334QALD10-MT_de-flair_ner-mag_el-nllb_mt.txt	https://beng.dice-research.org/gerbil/experiment?id=202210140412	0.9479123918	34.97	0.35	0.4	0.63	0.44	0	2022-10-14 07:29:52	1.2.7
QALD10-MT	de	['flair_ner', 'mag_el', 'mbart_mt']	QALD10-MT_de-en_gold_file	pred_results/QALD10-MT_de-flair_ner-mag_el-mbart_mt	4800eb55f4854f95a90f196543c65d2bQALD10-MT_de-en_gold_file.txt	ab8ac5880126432386411f95012586bbQALD10-MT_de-flair_ner-mag_el-mbart_mt.txt	https://beng.dice-research.org/gerbil/experiment?id=202210140413	0.9437826096	34.55	0.34	0.4	0.64	0.46	0	2022-10-14 07:30:20	1.2.7
QALD10-MT	de	['flair_ner', 'mgenre_el', 'libre_mt']	QALD10-MT_de-en_gold_file	pred_results/QALD10-MT_de-flair_ner-mgenre_el-libre_mt	4800eb55f4854f95a90f196543c65d2bQALD10-MT_de-en_gold_file.txt	797658e0f1934528b68a71747b26fd44QALD10-MT_de-flair_ner-mgenre_el-libre_mt.txt	https://beng.dice-research.org/gerbil/experiment?id=202210140414	0.9425255568	32.29	0.32	0.39	0.62	0.48	0	2022-10-14 07:30:47	1.2.7
QALD10-MT	de	['flair_ner', 'mgenre_el', 'opus_mt']	QALD10-MT_de-en_gold_file	pred_results/QALD10-MT_de-flair_ner-mgenre_el-opus_mt	4800eb55f4854f95a90f196543c65d2bQALD10-MT_de-en_gold_file.txt	4b1c0ddc10ec4701b8173bf26359ee5aQALD10-MT_de-flair_ner-mgenre_el-opus_mt.txt	https://beng.dice-research.org/gerbil/experiment?id=202210140415	0.9506121403	35.53	0.35	0.41	0.65	0.43	0	2022-10-14 07:31:14	1.2.7
QALD10-MT	de	['flair_ner', 'mgenre_el', 'nllb_mt']	QALD10-MT_de-en_gold_file	pred_results/QALD10-MT_de-flair_ner-mgenre_el-nllb_mt	4800eb55f4854f95a90f196543c65d2bQALD10-MT_de-en_gold_file.txt	92060cd57ff44459af0348a5fc8d0d0eQALD10-MT_de-flair_ner-mgenre_el-nllb_mt.txt	https://beng.dice-research.org/gerbil/experiment?id=202210140416	0.9528197413	35.4	0.35	0.41	0.64	0.44	0	2022-10-14 07:31:41	1.2.7
QALD10-MT	de	['flair_ner', 'mgenre_el', 'mbart_mt']	QALD10-MT_de-en_gold_file	pred_results/QALD10-MT_de-flair_ner-mgenre_el-mbart_mt	4800eb55f4854f95a90f196543c65d2bQALD10-MT_de-en_gold_file.txt	7f11cbf5e6984148be9104b759366455QALD10-MT_de-flair_ner-mgenre_el-mbart_mt.txt	https://beng.dice-research.org/gerbil/experiment?id=202210140417	0.9486800155	34.98	0.35	0.4	0.64	0.45	0	2022-10-14 07:32:08	1.2.7
QALD10-MT	de	['davlan_ner', 'mag_el', 'libre_mt']	QALD10-MT_de-en_gold_file	pred_results/QALD10-MT_de-davlan_ner-mag_el-libre_mt	4800eb55f4854f95a90f196543c65d2bQALD10-MT_de-en_gold_file.txt	cec9d77f4c3f467b83190fc805c828b3QALD10-MT_de-davlan_ner-mag_el-libre_mt.txt	https://beng.dice-research.org/gerbil/experiment?id=202210140418	0.9425255568	32.29	0.32	0.39	0.62	0.48	0	2022-10-14 07:32:35	1.2.7
QALD10-MT	de	['davlan_ner', 'mag_el', 'opus_mt']	QALD10-MT_de-en_gold_file	pred_results/QALD10-MT_de-davlan_ner-mag_el-opus_mt	4800eb55f4854f95a90f196543c65d2bQALD10-MT_de-en_gold_file.txt	ccea7998c7c5435dbf99f04121f116b5QALD10-MT_de-davlan_ner-mag_el-opus_mt.txt	https://beng.dice-research.org/gerbil/experiment?id=202210140419	0.9506121403	35.53	0.35	0.41	0.65	0.43	0	2022-10-14 07:33:03	1.2.7
QALD10-MT	de	['davlan_ner', 'mag_el', 'nllb_mt']	QALD10-MT_de-en_gold_file	pred_results/QALD10-MT_de-davlan_ner-mag_el-nllb_mt	4800eb55f4854f95a90f196543c65d2bQALD10-MT_de-en_gold_file.txt	679b134c5c42479fb2ddc2b2da333b74QALD10-MT_de-davlan_ner-mag_el-nllb_mt.txt	https://beng.dice-research.org/gerbil/experiment?id=202210140420	0.9528197413	35.4	0.35	0.41	0.64	0.44	0	2022-10-14 07:33:30	1.2.7
QALD10-MT	de	['davlan_ner', 'mag_el', 'mbart_mt']	QALD10-MT_de-en_gold_file	pred_results/QALD10-MT_de-davlan_ner-mag_el-mbart_mt	4800eb55f4854f95a90f196543c65d2bQALD10-MT_de-en_gold_file.txt	9e4451574e53474b882d4ef93951aafbQALD10-MT_de-davlan_ner-mag_el-mbart_mt.txt	https://beng.dice-research.org/gerbil/experiment?id=202210140421	0.9486800155	34.98	0.35	0.4	0.64	0.45	0	2022-10-14 07:33:57	1.2.7
QALD10-MT	de	['davlan_ner', 'mgenre_el', 'libre_mt']	QALD10-MT_de-en_gold_file	pred_results/QALD10-MT_de-davlan_ner-mgenre_el-libre_mt	4800eb55f4854f95a90f196543c65d2bQALD10-MT_de-en_gold_file.txt	3ea8aacaba3d4d6abe1b38926d4cc597QALD10-MT_de-davlan_ner-mgenre_el-libre_mt.txt	https://beng.dice-research.org/gerbil/experiment?id=202210140422	0.9425255568	32.29	0.32	0.39	0.62	0.48	0	2022-10-14 07:34:24	1.2.7
QALD10-MT	de	['davlan_ner', 'mgenre_el', 'opus_mt']	QALD10-MT_de-en_gold_file	pred_results/QALD10-MT_de-davlan_ner-mgenre_el-opus_mt	4800eb55f4854f95a90f196543c65d2bQALD10-MT_de-en_gold_file.txt	d55973b7a5fd4ce1a643d6b62d2b7858QALD10-MT_de-davlan_ner-mgenre_el-opus_mt.txt	https://beng.dice-research.org/gerbil/experiment?id=202210140423	0.9506121403	35.53	0.35	0.41	0.65	0.43	0	2022-10-14 07:34:51	1.2.7
QALD10-MT	de	['davlan_ner', 'mgenre_el', 'nllb_mt']	QALD10-MT_de-en_gold_file	pred_results/QALD10-MT_de-davlan_ner-mgenre_el-nllb_mt	4800eb55f4854f95a90f196543c65d2bQALD10-MT_de-en_gold_file.txt	98585f7d76fb47518d246e3a298eca26QALD10-MT_de-davlan_ner-mgenre_el-nllb_mt.txt	https://beng.dice-research.org/gerbil/experiment?id=202210140424	0.9528197413	35.4	0.35	0.41	0.64	0.44	0	2022-10-14 07:35:18	1.2.7
QALD10-MT	de	['davlan_ner', 'mgenre_el', 'mbart_mt']	QALD10-MT_de-en_gold_file	pred_results/QALD10-MT_de-davlan_ner-mgenre_el-mbart_mt	4800eb55f4854f95a90f196543c65d2bQALD10-MT_de-en_gold_file.txt	de098552a6654d4e8179653119b82802QALD10-MT_de-davlan_ner-mgenre_el-mbart_mt.txt	https://beng.dice-research.org/gerbil/experiment?id=202210140425	0.9486800155	34.98	0.35	0.4	0.64	0.45	0	2022-10-14 07:35:46	1.2.7
QALD10-MT	de	['spacy_ner', 'mag_el', 'libre_mt']	QALD10-MT_de-en_gold_file	pred_results/QALD10-MT_de-spacy_ner-mag_el-libre_mt	4800eb55f4854f95a90f196543c65d2bQALD10-MT_de-en_gold_file.txt	8b20870c7c4847869ec84a1685df93f7QALD10-MT_de-spacy_ner-mag_el-libre_mt.txt	https://beng.dice-research.org/gerbil/experiment?id=202210140426	0.9425255568	32.29	0.32	0.39	0.62	0.48	0	2022-10-14 07:36:13	1.2.7
QALD10-MT	de	['spacy_ner', 'mag_el', 'opus_mt']	QALD10-MT_de-en_gold_file	pred_results/QALD10-MT_de-spacy_ner-mag_el-opus_mt	4800eb55f4854f95a90f196543c65d2bQALD10-MT_de-en_gold_file.txt	24efdd27dacf4a1ba4448e09d219f416QALD10-MT_de-spacy_ner-mag_el-opus_mt.txt	https://beng.dice-research.org/gerbil/experiment?id=202210140427	0.9338392045	35	0.35	0.4	0.64	0.44	0	2022-10-14 07:36:40	1.2.7
QALD10-MT	de	['spacy_ner', 'mag_el', 'nllb_mt']	QALD10-MT_de-en_gold_file	pred_results/QALD10-MT_de-spacy_ner-mag_el-nllb_mt	4800eb55f4854f95a90f196543c65d2bQALD10-MT_de-en_gold_file.txt	b7d75156ca2a4b3abb6ccdd92120f84aQALD10-MT_de-spacy_ner-mag_el-nllb_mt.txt	https://beng.dice-research.org/gerbil/experiment?id=202210140428	0.9528197413	35.4	0.35	0.41	0.64	0.44	0	2022-10-14 07:37:07	1.2.7
QALD10-MT	de	['spacy_ner', 'mag_el', 'mbart_mt']	QALD10-MT_de-en_gold_file	pred_results/QALD10-MT_de-spacy_ner-mag_el-mbart_mt	4800eb55f4854f95a90f196543c65d2bQALD10-MT_de-en_gold_file.txt	242403eddeaf411b8410e0e176058e34QALD10-MT_de-spacy_ner-mag_el-mbart_mt.txt	https://beng.dice-research.org/gerbil/experiment?id=202210140429	0.9486800155	34.98	0.35	0.4	0.64	0.45	0	2022-10-14 07:37:34	1.2.7
QALD10-MT	de	['spacy_ner', 'mgenre_el', 'libre_mt']	QALD10-MT_de-en_gold_file	pred_results/QALD10-MT_de-spacy_ner-mgenre_el-libre_mt	4800eb55f4854f95a90f196543c65d2bQALD10-MT_de-en_gold_file.txt	829ed0564a1148c79410a7bb9ed7ef57QALD10-MT_de-spacy_ner-mgenre_el-libre_mt.txt	https://beng.dice-research.org/gerbil/experiment?id=202210140430	0.9425255568	32.29	0.32	0.39	0.62	0.48	0	2022-10-14 07:38:01	1.2.7
QALD10-MT	de	['spacy_ner', 'mgenre_el', 'opus_mt']	QALD10-MT_de-en_gold_file	pred_results/QALD10-MT_de-spacy_ner-mgenre_el-opus_mt	4800eb55f4854f95a90f196543c65d2bQALD10-MT_de-en_gold_file.txt	34ad448707f24bfe8b1eee5cceb3720dQALD10-MT_de-spacy_ner-mgenre_el-opus_mt.txt	https://beng.dice-research.org/gerbil/experiment?id=202210140431	0.9506121403	35.53	0.35	0.41	0.65	0.43	0	2022-10-14 07:38:28	1.2.7
QALD10-MT	de	['spacy_ner', 'mgenre_el', 'nllb_mt']	QALD10-MT_de-en_gold_file	pred_results/QALD10-MT_de-spacy_ner-mgenre_el-nllb_mt	4800eb55f4854f95a90f196543c65d2bQALD10-MT_de-en_gold_file.txt	1122c4e4a8754d29a5ef13d9a042751aQALD10-MT_de-spacy_ner-mgenre_el-nllb_mt.txt	https://beng.dice-research.org/gerbil/experiment?id=202210140432	0.9528197413	35.4	0.35	0.41	0.64	0.44	0	2022-10-14 07:38:56	1.2.7
QALD10-MT	de	['spacy_ner', 'mgenre_el', 'mbart_mt']	QALD10-MT_de-en_gold_file	pred_results/QALD10-MT_de-spacy_ner-mgenre_el-mbart_mt	4800eb55f4854f95a90f196543c65d2bQALD10-MT_de-en_gold_file.txt	8bba0b5600f24c1a813b28d4f63a1202QALD10-MT_de-spacy_ner-mgenre_el-mbart_mt.txt	https://beng.dice-research.org/gerbil/experiment?id=202210140433	0.9486800155	34.98	0.35	0.4	0.64	0.45	0	2022-10-14 07:39:23	1.2.7
QALD10-MT	ru	['babelscape_ner', 'mgenre_el', 'libre_mt']	QALD10-MT_ru-en_gold_file	pred_results/QALD10-MT_ru-babelscape_ner-mgenre_el-libre_mt	1c5425b63c5e41739f52eade11b17c76QALD10-MT_ru-en_gold_file.txt	873ab860a14940e4a19d4a6742214acbQALD10-MT_ru-babelscape_ner-mgenre_el-libre_mt.txt	https://beng.dice-research.org/gerbil/experiment?id=202210140434	0.9195665402	20.78	0.21	0.3	0.51	0.6	0	2022-10-14 07:39:50	1.2.7
QALD10-MT	ru	['babelscape_ner', 'mgenre_el', 'opus_mt']	QALD10-MT_ru-en_gold_file	pred_results/QALD10-MT_ru-babelscape_ner-mgenre_el-opus_mt	1c5425b63c5e41739f52eade11b17c76QALD10-MT_ru-en_gold_file.txt	86dc076c3ce040a19a78977a4f450214QALD10-MT_ru-babelscape_ner-mgenre_el-opus_mt.txt	https://beng.dice-research.org/gerbil/experiment?id=202210140435	0.936861855	26.14	0.26	0.35	0.57	0.53	0	2022-10-14 07:40:17	1.2.7
QALD10-MT	ru	['babelscape_ner', 'mgenre_el', 'nllb_mt']	QALD10-MT_ru-en_gold_file	pred_results/QALD10-MT_ru-babelscape_ner-mgenre_el-nllb_mt	1c5425b63c5e41739f52eade11b17c76QALD10-MT_ru-en_gold_file.txt	2ea2662f94ac44398dbb90797f4e84a0QALD10-MT_ru-babelscape_ner-mgenre_el-nllb_mt.txt	https://beng.dice-research.org/gerbil/experiment?id=202210140436	0.9483591416	33.53	0.34	0.39	0.61	0.46	0	2022-10-14 07:40:44	1.2.7
QALD10-MT	ru	['babelscape_ner', 'mgenre_el', 'mbart_mt']	QALD10-MT_ru-en_gold_file	pred_results/QALD10-MT_ru-babelscape_ner-mgenre_el-mbart_mt	1c5425b63c5e41739f52eade11b17c76QALD10-MT_ru-en_gold_file.txt	941cad3c96d04fdebe1a40bd0725cdcdQALD10-MT_ru-babelscape_ner-mgenre_el-mbart_mt.txt	https://beng.dice-research.org/gerbil/experiment?id=202210140437	0.9370992948	27.51	0.27	0.36	0.58	0.53	0	2022-10-14 07:41:10	1.2.7
QALD10-MT	ru	['spacy_ner', 'mgenre_el', 'libre_mt']	QALD10-MT_ru-en_gold_file	pred_results/QALD10-MT_ru-spacy_ner-mgenre_el-libre_mt	1c5425b63c5e41739f52eade11b17c76QALD10-MT_ru-en_gold_file.txt	9b3dcbaa3abe408597873fed890626c4QALD10-MT_ru-spacy_ner-mgenre_el-libre_mt.txt	https://beng.dice-research.org/gerbil/experiment?id=202210140438	0.9195665402	20.78	0.21	0.3	0.51	0.6	0	2022-10-14 07:41:37	1.2.7
QALD10-MT	ru	['spacy_ner', 'mgenre_el', 'opus_mt']	QALD10-MT_ru-en_gold_file	pred_results/QALD10-MT_ru-spacy_ner-mgenre_el-opus_mt	1c5425b63c5e41739f52eade11b17c76QALD10-MT_ru-en_gold_file.txt	38d3df2f8d814e15be21c9e28615849dQALD10-MT_ru-spacy_ner-mgenre_el-opus_mt.txt	https://beng.dice-research.org/gerbil/experiment?id=202210140439	0.936861855	26.14	0.26	0.35	0.57	0.53	0	2022-10-14 07:42:03	1.2.7
QALD10-MT	ru	['spacy_ner', 'mgenre_el', 'nllb_mt']	QALD10-MT_ru-en_gold_file	pred_results/QALD10-MT_ru-spacy_ner-mgenre_el-nllb_mt	1c5425b63c5e41739f52eade11b17c76QALD10-MT_ru-en_gold_file.txt	5180409c3cad45eb90413ed7c862d182QALD10-MT_ru-spacy_ner-mgenre_el-nllb_mt.txt	https://beng.dice-research.org/gerbil/experiment?id=202210140440	0.9483591416	33.53	0.34	0.39	0.61	0.46	0	2022-10-14 07:42:31	1.2.7
QALD10-MT	ru	['spacy_ner', 'mgenre_el', 'mbart_mt']	QALD10-MT_ru-en_gold_file	pred_results/QALD10-MT_ru-spacy_ner-mgenre_el-mbart_mt	1c5425b63c5e41739f52eade11b17c76QALD10-MT_ru-en_gold_file.txt	70e37ecab85940508784b6b940cfd573QALD10-MT_ru-spacy_ner-mgenre_el-mbart_mt.txt	https://beng.dice-research.org/gerbil/experiment?id=202210140441	0.9370992948	27.51	0.27	0.36	0.58	0.53	0	2022-10-14 07:42:58	1.2.7
QALD9PlusTest-MT	de	['babelscape_ner', 'mag_el', 'libre_mt']	QALD9Plus-MT_de-en_gold_file	pred_results/QALD9Plus-MT_de-babelscape_ner-mag_el-libre_mt	521be14e2cce4ff0a01aee2ecb45e1e4QALD9Plus-MT_de-en_gold_file.txt	c7b5d89321b348e5a8c3d0e8fed72ca0QALD9Plus-MT_de-babelscape_ner-mag_el-libre_mt.txt	https://beng.dice-research.org/gerbil/experiment?id=202210140442	0.9568915057	43.81	0.43	0.4	0.69	0.4	0	2022-10-14 07:43:24	1.2.7
QALD9PlusTest-MT	de	['babelscape_ner', 'mag_el', 'opus_mt']	QALD9Plus-MT_de-en_gold_file	pred_results/QALD9Plus-MT_de-babelscape_ner-mag_el-opus_mt	521be14e2cce4ff0a01aee2ecb45e1e4QALD9Plus-MT_de-en_gold_file.txt	270c844981c14afaa5c480255b29e192QALD9Plus-MT_de-babelscape_ner-mag_el-opus_mt.txt	https://beng.dice-research.org/gerbil/experiment?id=202210140443	0.9622260527	45.64	0.46	0.42	0.71	0.37	0	2022-10-14 07:43:40	1.2.7
QALD9PlusTest-MT	de	['babelscape_ner', 'mag_el', 'nllb_mt']	QALD9Plus-MT_de-en_gold_file	pred_results/QALD9Plus-MT_de-babelscape_ner-mag_el-nllb_mt	521be14e2cce4ff0a01aee2ecb45e1e4QALD9Plus-MT_de-en_gold_file.txt	17673236e86b4c4ebc7e00cafcb9af6dQALD9Plus-MT_de-babelscape_ner-mag_el-nllb_mt.txt	https://beng.dice-research.org/gerbil/experiment?id=202210140444	0.9659729103	48.49	0.49	0.43	0.72	0.34	0	2022-10-14 07:43:56	1.2.7
QALD9PlusTest-MT	de	['babelscape_ner', 'mag_el', 'mbart_mt']	QALD9Plus-MT_de-en_gold_file	pred_results/QALD9Plus-MT_de-babelscape_ner-mag_el-mbart_mt	521be14e2cce4ff0a01aee2ecb45e1e4QALD9Plus-MT_de-en_gold_file.txt	e3dc7fce845649b7904f926a70f03b54QALD9Plus-MT_de-babelscape_ner-mag_el-mbart_mt.txt	https://beng.dice-research.org/gerbil/experiment?id=202210140445	0.9564393191	44.51	0.45	0.41	0.7	0.39	0	2022-10-14 07:44:11	1.2.7
QALD9PlusTest-MT	de	['babelscape_ner', 'mgenre_el', 'libre_mt']	QALD9Plus-MT_de-en_gold_file	pred_results/QALD9Plus-MT_de-babelscape_ner-mgenre_el-libre_mt	521be14e2cce4ff0a01aee2ecb45e1e4QALD9Plus-MT_de-en_gold_file.txt	60e19056bc774888a95bec8936f2dda1QALD9Plus-MT_de-babelscape_ner-mgenre_el-libre_mt.txt	https://beng.dice-research.org/gerbil/experiment?id=202210140446	0.9568915057	43.81	0.43	0.4	0.69	0.4	0	2022-10-14 07:44:27	1.2.7
QALD9PlusTest-MT	de	['babelscape_ner', 'mgenre_el', 'opus_mt']	QALD9Plus-MT_de-en_gold_file	pred_results/QALD9Plus-MT_de-babelscape_ner-mgenre_el-opus_mt	521be14e2cce4ff0a01aee2ecb45e1e4QALD9Plus-MT_de-en_gold_file.txt	ab594720bd0a4ca0b1bcb5119fff3cb1QALD9Plus-MT_de-babelscape_ner-mgenre_el-opus_mt.txt	https://beng.dice-research.org/gerbil/experiment?id=202210140447	0.9622260527	45.64	0.46	0.42	0.71	0.37	0	2022-10-14 07:44:43	1.2.7
QALD9PlusTest-MT	de	['babelscape_ner', 'mgenre_el', 'nllb_mt']	QALD9Plus-MT_de-en_gold_file	pred_results/QALD9Plus-MT_de-babelscape_ner-mgenre_el-nllb_mt	521be14e2cce4ff0a01aee2ecb45e1e4QALD9Plus-MT_de-en_gold_file.txt	7605de030b324d9090bd8239b2bb02b6QALD9Plus-MT_de-babelscape_ner-mgenre_el-nllb_mt.txt	https://beng.dice-research.org/gerbil/experiment?id=202210140448	0.9593062437	47.91	0.49	0.43	0.71	0.35	0	2022-10-14 07:44:59	1.2.7
QALD9PlusTest-MT	de	['babelscape_ner', 'mgenre_el', 'mbart_mt']	QALD9Plus-MT_de-en_gold_file	pred_results/QALD9Plus-MT_de-babelscape_ner-mgenre_el-mbart_mt	521be14e2cce4ff0a01aee2ecb45e1e4QALD9Plus-MT_de-en_gold_file.txt	1053e7d9e24443f39de9c6535757c8e6QALD9Plus-MT_de-babelscape_ner-mgenre_el-mbart_mt.txt	https://beng.dice-research.org/gerbil/experiment?id=202210140449	0.9564393191	44.51	0.45	0.41	0.7	0.39	0	2022-10-14 07:45:14	1.2.7
QALD9PlusTest-MT	de	['flair_ner', 'mag_el', 'libre_mt']	QALD9Plus-MT_de-en_gold_file	pred_results/QALD9Plus-MT_de-flair_ner-mag_el-libre_mt	521be14e2cce4ff0a01aee2ecb45e1e4QALD9Plus-MT_de-en_gold_file.txt	c545a0bf3b1f44f9a4b8a8dde7662c0eQALD9Plus-MT_de-flair_ner-mag_el-libre_mt.txt	https://beng.dice-research.org/gerbil/experiment?id=202210140450	0.9568915057	43.81	0.43	0.4	0.69	0.4	0	2022-10-14 07:45:30	1.2.7
QALD9PlusTest-MT	de	['flair_ner', 'mag_el', 'opus_mt']	QALD9Plus-MT_de-en_gold_file	pred_results/QALD9Plus-MT_de-flair_ner-mag_el-opus_mt	521be14e2cce4ff0a01aee2ecb45e1e4QALD9Plus-MT_de-en_gold_file.txt	b7215e9859a748c5a3f227f40e8bc461QALD9Plus-MT_de-flair_ner-mag_el-opus_mt.txt	https://beng.dice-research.org/gerbil/experiment?id=202210140451	0.9622260527	45.64	0.46	0.42	0.71	0.37	0	2022-10-14 07:45:46	1.2.7
QALD9PlusTest-MT	de	['flair_ner', 'mag_el', 'nllb_mt']	QALD9Plus-MT_de-en_gold_file	pred_results/QALD9Plus-MT_de-flair_ner-mag_el-nllb_mt	521be14e2cce4ff0a01aee2ecb45e1e4QALD9Plus-MT_de-en_gold_file.txt	e3b7563666804eada886d32629e2215dQALD9Plus-MT_de-flair_ner-mag_el-nllb_mt.txt	https://beng.dice-research.org/gerbil/experiment?id=202210140452	0.9659729103	48.49	0.49	0.43	0.72	0.34	0	2022-10-14 07:46:02	1.2.7
QALD9PlusTest-MT	de	['flair_ner', 'mag_el', 'mbart_mt']	QALD9Plus-MT_de-en_gold_file	pred_results/QALD9Plus-MT_de-flair_ner-mag_el-mbart_mt	521be14e2cce4ff0a01aee2ecb45e1e4QALD9Plus-MT_de-en_gold_file.txt	6e2803ecc2aa4866b276722c09de73a5QALD9Plus-MT_de-flair_ner-mag_el-mbart_mt.txt	https://beng.dice-research.org/gerbil/experiment?id=202210140453	0.9564393191	44.51	0.45	0.41	0.7	0.39	0	2022-10-14 07:46:17	1.2.7
QALD9PlusTest-MT	de	['flair_ner', 'mgenre_el', 'libre_mt']	QALD9Plus-MT_de-en_gold_file	pred_results/QALD9Plus-MT_de-flair_ner-mgenre_el-libre_mt	521be14e2cce4ff0a01aee2ecb45e1e4QALD9Plus-MT_de-en_gold_file.txt	e1606e4435ee4bb4aabc3bf60441e923QALD9Plus-MT_de-flair_ner-mgenre_el-libre_mt.txt	https://beng.dice-research.org/gerbil/experiment?id=202210140454	0.9568915057	43.81	0.43	0.4	0.69	0.4	0	2022-10-14 07:46:34	1.2.7
QALD9PlusTest-MT	de	['flair_ner', 'mgenre_el', 'opus_mt']	QALD9Plus-MT_de-en_gold_file	pred_results/QALD9Plus-MT_de-flair_ner-mgenre_el-opus_mt	521be14e2cce4ff0a01aee2ecb45e1e4QALD9Plus-MT_de-en_gold_file.txt	ee29b667a96049738d37cce4e338f31cQALD9Plus-MT_de-flair_ner-mgenre_el-opus_mt.txt	https://beng.dice-research.org/gerbil/experiment?id=202210140455	0.9622260527	45.64	0.46	0.42	0.71	0.37	0	2022-10-14 07:46:49	1.2.7
QALD9PlusTest-MT	de	['flair_ner', 'mgenre_el', 'nllb_mt']	QALD9Plus-MT_de-en_gold_file	pred_results/QALD9Plus-MT_de-flair_ner-mgenre_el-nllb_mt	521be14e2cce4ff0a01aee2ecb45e1e4QALD9Plus-MT_de-en_gold_file.txt	568be72e986e41519e40e797c28c313cQALD9Plus-MT_de-flair_ner-mgenre_el-nllb_mt.txt	https://beng.dice-research.org/gerbil/experiment?id=202210140456	0.9659729103	48.49	0.49	0.43	0.72	0.34	0	2022-10-14 07:47:05	1.2.7
QALD9PlusTest-MT	de	['flair_ner', 'mgenre_el', 'mbart_mt']	QALD9Plus-MT_de-en_gold_file	pred_results/QALD9Plus-MT_de-flair_ner-mgenre_el-mbart_mt	521be14e2cce4ff0a01aee2ecb45e1e4QALD9Plus-MT_de-en_gold_file.txt	d9f671917d0f4920b540e56ce3ec16c3QALD9Plus-MT_de-flair_ner-mgenre_el-mbart_mt.txt	https://beng.dice-research.org/gerbil/experiment?id=202210140457	0.9564393191	44.51	0.45	0.41	0.7	0.39	0	2022-10-14 07:47:21	1.2.7
QALD9PlusTest-MT	de	['davlan_ner', 'mag_el', 'libre_mt']	QALD9Plus-MT_de-en_gold_file	pred_results/QALD9Plus-MT_de-davlan_ner-mag_el-libre_mt	521be14e2cce4ff0a01aee2ecb45e1e4QALD9Plus-MT_de-en_gold_file.txt	f53d76806dd340f2b522e5131b296bd9QALD9Plus-MT_de-davlan_ner-mag_el-libre_mt.txt	https://beng.dice-research.org/gerbil/experiment?id=202210140458	0.9568915057	43.81	0.43	0.4	0.69	0.4	0	2022-10-14 07:47:37	1.2.7
QALD9PlusTest-MT	de	['davlan_ner', 'mag_el', 'opus_mt']	QALD9Plus-MT_de-en_gold_file	pred_results/QALD9Plus-MT_de-davlan_ner-mag_el-opus_mt	521be14e2cce4ff0a01aee2ecb45e1e4QALD9Plus-MT_de-en_gold_file.txt	f583c12e743c4b43ba4d96f92ef4c2ceQALD9Plus-MT_de-davlan_ner-mag_el-opus_mt.txt	https://beng.dice-research.org/gerbil/experiment?id=202210140459	0.9622260527	45.64	0.46	0.42	0.71	0.37	0	2022-10-14 07:47:52	1.2.7
QALD9PlusTest-MT	de	['davlan_ner', 'mag_el', 'nllb_mt']	QALD9Plus-MT_de-en_gold_file	pred_results/QALD9Plus-MT_de-davlan_ner-mag_el-nllb_mt	521be14e2cce4ff0a01aee2ecb45e1e4QALD9Plus-MT_de-en_gold_file.txt	cbc3869731db483888b8d628bacc7ac8QALD9Plus-MT_de-davlan_ner-mag_el-nllb_mt.txt	https://beng.dice-research.org/gerbil/experiment?id=202210140460	0.9659729103	48.49	0.49	0.43	0.72	0.34	0	2022-10-14 07:48:08	1.2.7
QALD9PlusTest-MT	de	['davlan_ner', 'mag_el', 'mbart_mt']	QALD9Plus-MT_de-en_gold_file	pred_results/QALD9Plus-MT_de-davlan_ner-mag_el-mbart_mt	521be14e2cce4ff0a01aee2ecb45e1e4QALD9Plus-MT_de-en_gold_file.txt	bb667c790a474e4381d49ab49e3fe9b0QALD9Plus-MT_de-davlan_ner-mag_el-mbart_mt.txt	https://beng.dice-research.org/gerbil/experiment?id=202210140461	0.9564393191	44.51	0.45	0.41	0.7	0.39	0	2022-10-14 07:48:24	1.2.7
QALD9PlusTest-MT	de	['davlan_ner', 'mgenre_el', 'libre_mt']	QALD9Plus-MT_de-en_gold_file	pred_results/QALD9Plus-MT_de-davlan_ner-mgenre_el-libre_mt	521be14e2cce4ff0a01aee2ecb45e1e4QALD9Plus-MT_de-en_gold_file.txt	86afcf6fc91a48008772c3b995599a38QALD9Plus-MT_de-davlan_ner-mgenre_el-libre_mt.txt	https://beng.dice-research.org/gerbil/experiment?id=202210140462	0.9568915057	43.81	0.43	0.4	0.69	0.4	0	2022-10-14 07:48:40	1.2.7
QALD9PlusTest-MT	de	['davlan_ner', 'mgenre_el', 'opus_mt']	QALD9Plus-MT_de-en_gold_file	pred_results/QALD9Plus-MT_de-davlan_ner-mgenre_el-opus_mt	521be14e2cce4ff0a01aee2ecb45e1e4QALD9Plus-MT_de-en_gold_file.txt	f1a1cde600fe476fac550290fcb6f1b8QALD9Plus-MT_de-davlan_ner-mgenre_el-opus_mt.txt	https://beng.dice-research.org/gerbil/experiment?id=202210140463	0.9622260527	45.64	0.46	0.42	0.71	0.37	0	2022-10-14 07:48:56	1.2.7
QALD9PlusTest-MT	de	['davlan_ner', 'mgenre_el', 'nllb_mt']	QALD9Plus-MT_de-en_gold_file	pred_results/QALD9Plus-MT_de-davlan_ner-mgenre_el-nllb_mt	521be14e2cce4ff0a01aee2ecb45e1e4QALD9Plus-MT_de-en_gold_file.txt	f397403293014566a2525256abf6561bQALD9Plus-MT_de-davlan_ner-mgenre_el-nllb_mt.txt	https://beng.dice-research.org/gerbil/experiment?id=202210140464	0.9659729103	48.49	0.49	0.43	0.72	0.34	0	2022-10-14 07:49:12	1.2.7
QALD9PlusTest-MT	de	['davlan_ner', 'mgenre_el', 'mbart_mt']	QALD9Plus-MT_de-en_gold_file	pred_results/QALD9Plus-MT_de-davlan_ner-mgenre_el-mbart_mt	521be14e2cce4ff0a01aee2ecb45e1e4QALD9Plus-MT_de-en_gold_file.txt	137d9426399d4d4c89ee29719cb17494QALD9Plus-MT_de-davlan_ner-mgenre_el-mbart_mt.txt	https://beng.dice-research.org/gerbil/experiment?id=202210140465	0.9564393191	44.51	0.45	0.41	0.7	0.39	0	2022-10-14 07:49:28	1.2.7
QALD9PlusTest-MT	de	['spacy_ner', 'mag_el', 'libre_mt']	QALD9Plus-MT_de-en_gold_file	pred_results/QALD9Plus-MT_de-spacy_ner-mag_el-libre_mt	521be14e2cce4ff0a01aee2ecb45e1e4QALD9Plus-MT_de-en_gold_file.txt	d21e56ec07324b3bb5013f9039a795b0QALD9Plus-MT_de-spacy_ner-mag_el-libre_mt.txt	https://beng.dice-research.org/gerbil/experiment?id=202210140466	0.9568915057	43.81	0.43	0.4	0.69	0.4	0	2022-10-14 07:49:44	1.2.7
QALD9PlusTest-MT	de	['spacy_ner', 'mag_el', 'opus_mt']	QALD9Plus-MT_de-en_gold_file	pred_results/QALD9Plus-MT_de-spacy_ner-mag_el-opus_mt	521be14e2cce4ff0a01aee2ecb45e1e4QALD9Plus-MT_de-en_gold_file.txt	cca6485408814ecd8a3d7d573bbad83bQALD9Plus-MT_de-spacy_ner-mag_el-opus_mt.txt	https://beng.dice-research.org/gerbil/experiment?id=202210140467	0.9428793291	45.23	0.45	0.41	0.7	0.38	0	2022-10-14 07:49:59	1.2.7
QALD9PlusTest-MT	de	['spacy_ner', 'mag_el', 'nllb_mt']	QALD9Plus-MT_de-en_gold_file	pred_results/QALD9Plus-MT_de-spacy_ner-mag_el-nllb_mt	521be14e2cce4ff0a01aee2ecb45e1e4QALD9Plus-MT_de-en_gold_file.txt	abb1ee6733ce4b7a8617470d7192f303QALD9Plus-MT_de-spacy_ner-mag_el-nllb_mt.txt	https://beng.dice-research.org/gerbil/experiment?id=202210140468	0.9595264804	48.36	0.49	0.43	0.71	0.35	0	2022-10-14 07:50:15	1.2.7
QALD9PlusTest-MT	de	['spacy_ner', 'mag_el', 'mbart_mt']	QALD9Plus-MT_de-en_gold_file	pred_results/QALD9Plus-MT_de-spacy_ner-mag_el-mbart_mt	521be14e2cce4ff0a01aee2ecb45e1e4QALD9Plus-MT_de-en_gold_file.txt	4b7b17cc03364c23b50bbc5f4b89fa65QALD9Plus-MT_de-spacy_ner-mag_el-mbart_mt.txt	https://beng.dice-research.org/gerbil/experiment?id=202210140469	0.9439475771	44.29	0.45	0.4	0.7	0.39	0	2022-10-14 07:50:31	1.2.7
QALD9PlusTest-MT	de	['spacy_ner', 'mgenre_el', 'libre_mt']	QALD9Plus-MT_de-en_gold_file	pred_results/QALD9Plus-MT_de-spacy_ner-mgenre_el-libre_mt	521be14e2cce4ff0a01aee2ecb45e1e4QALD9Plus-MT_de-en_gold_file.txt	092ea97515f74557b66090fbd2d17929QALD9Plus-MT_de-spacy_ner-mgenre_el-libre_mt.txt	https://beng.dice-research.org/gerbil/experiment?id=202210140470	0.9568915057	43.81	0.43	0.4	0.69	0.4	0	2022-10-14 07:50:47	1.2.7
QALD9PlusTest-MT	de	['spacy_ner', 'mgenre_el', 'opus_mt']	QALD9Plus-MT_de-en_gold_file	pred_results/QALD9Plus-MT_de-spacy_ner-mgenre_el-opus_mt	521be14e2cce4ff0a01aee2ecb45e1e4QALD9Plus-MT_de-en_gold_file.txt	d45315271b6e4e88bab111034b3ad0d4QALD9Plus-MT_de-spacy_ner-mgenre_el-opus_mt.txt	https://beng.dice-research.org/gerbil/experiment?id=202210140471	0.9622260527	45.64	0.46	0.42	0.71	0.37	0	2022-10-14 07:51:03	1.2.7
QALD9PlusTest-MT	de	['spacy_ner', 'mgenre_el', 'nllb_mt']	QALD9Plus-MT_de-en_gold_file	pred_results/QALD9Plus-MT_de-spacy_ner-mgenre_el-nllb_mt	521be14e2cce4ff0a01aee2ecb45e1e4QALD9Plus-MT_de-en_gold_file.txt	5417df9a8a9a472fa9f743af8c8335f7QALD9Plus-MT_de-spacy_ner-mgenre_el-nllb_mt.txt	https://beng.dice-research.org/gerbil/experiment?id=202210140472	0.9659729103	48.49	0.49	0.43	0.72	0.34	0	2022-10-14 07:51:19	1.2.7
QALD9PlusTest-MT	de	['spacy_ner', 'mgenre_el', 'mbart_mt']	QALD9Plus-MT_de-en_gold_file	pred_results/QALD9Plus-MT_de-spacy_ner-mgenre_el-mbart_mt	521be14e2cce4ff0a01aee2ecb45e1e4QALD9Plus-MT_de-en_gold_file.txt	46aa758fa10a415bba82c281a8709ce0QALD9Plus-MT_de-spacy_ner-mgenre_el-mbart_mt.txt	https://beng.dice-research.org/gerbil/experiment?id=202210140473	0.9564393191	44.51	0.45	0.41	0.7	0.39	0	2022-10-14 07:51:34	1.2.7
QALD9PlusTest-MT	ru	['babelscape_ner', 'mgenre_el', 'libre_mt']	QALD9Plus-MT_ru-en_gold_file	pred_results/QALD9Plus-MT_ru-babelscape_ner-mgenre_el-libre_mt	4c8c5e7ebb3f49509587d118e9268dd0QALD9Plus-MT_ru-en_gold_file.txt	8de0e3d08d4c4ccbb7a920798c9116a9QALD9Plus-MT_ru-babelscape_ner-mgenre_el-libre_mt.txt	https://beng.dice-research.org/gerbil/experiment?id=202210140474	0.9353130412	20.84	0.21	0.32	0.55	0.58	0	2022-10-14 07:51:50	1.2.7
QALD9PlusTest-MT	ru	['babelscape_ner', 'mgenre_el', 'opus_mt']	QALD9Plus-MT_ru-en_gold_file	pred_results/QALD9Plus-MT_ru-babelscape_ner-mgenre_el-opus_mt	4c8c5e7ebb3f49509587d118e9268dd0QALD9Plus-MT_ru-en_gold_file.txt	48715b928d574ee0a87514b0f1f224d6QALD9Plus-MT_ru-babelscape_ner-mgenre_el-opus_mt.txt	https://beng.dice-research.org/gerbil/experiment?id=202210140475	0.9519169199	30	0.29	0.35	0.6	0.48	0	2022-10-14 07:52:06	1.2.7
QALD9PlusTest-MT	ru	['babelscape_ner', 'mgenre_el', 'nllb_mt']	QALD9Plus-MT_ru-en_gold_file	pred_results/QALD9Plus-MT_ru-babelscape_ner-mgenre_el-nllb_mt	4c8c5e7ebb3f49509587d118e9268dd0QALD9Plus-MT_ru-en_gold_file.txt	2bc6b9b332be414c949c57658f0e2edeQALD9Plus-MT_ru-babelscape_ner-mgenre_el-nllb_mt.txt	https://beng.dice-research.org/gerbil/experiment?id=202210140476	0.9596114397	36.59	0.37	0.38	0.64	0.43	0	2022-10-14 07:52:22	1.2.7
QALD9PlusTest-MT	ru	['babelscape_ner', 'mgenre_el', 'mbart_mt']	QALD9Plus-MT_ru-en_gold_file	pred_results/QALD9Plus-MT_ru-babelscape_ner-mgenre_el-mbart_mt	4c8c5e7ebb3f49509587d118e9268dd0QALD9Plus-MT_ru-en_gold_file.txt	9f837ceac9d346f29a84181f57a6e454QALD9Plus-MT_ru-babelscape_ner-mgenre_el-mbart_mt.txt	https://beng.dice-research.org/gerbil/experiment?id=202210140477	0.9482671265	30.61	0.31	0.35	0.61	0.52	0	2022-10-14 07:52:38	1.2.7
QALD9PlusTest-MT	ru	['spacy_ner', 'mgenre_el', 'libre_mt']	QALD9Plus-MT_ru-en_gold_file	pred_results/QALD9Plus-MT_ru-spacy_ner-mgenre_el-libre_mt	4c8c5e7ebb3f49509587d118e9268dd0QALD9Plus-MT_ru-en_gold_file.txt	ec8fd5e2bab443f1b4c79c66fb9e0a3cQALD9Plus-MT_ru-spacy_ner-mgenre_el-libre_mt.txt	https://beng.dice-research.org/gerbil/experiment?id=202210140478	0.9353130412	20.84	0.21	0.32	0.55	0.58	0	2022-10-14 07:52:54	1.2.7
QALD9PlusTest-MT	ru	['spacy_ner', 'mgenre_el', 'opus_mt']	QALD9Plus-MT_ru-en_gold_file	pred_results/QALD9Plus-MT_ru-spacy_ner-mgenre_el-opus_mt	4c8c5e7ebb3f49509587d118e9268dd0QALD9Plus-MT_ru-en_gold_file.txt	a092bc34d56f491680c59c04b43fb576QALD9Plus-MT_ru-spacy_ner-mgenre_el-opus_mt.txt	https://beng.dice-research.org/gerbil/experiment?id=202210140479	0.9519169199	30	0.29	0.35	0.6	0.48	0	2022-10-14 07:53:10	1.2.7
QALD9PlusTest-MT	ru	['spacy_ner', 'mgenre_el', 'nllb_mt']	QALD9Plus-MT_ru-en_gold_file	pred_results/QALD9Plus-MT_ru-spacy_ner-mgenre_el-nllb_mt	4c8c5e7ebb3f49509587d118e9268dd0QALD9Plus-MT_ru-en_gold_file.txt	d39d242ab07848c0bd04f1b36636a7e7QALD9Plus-MT_ru-spacy_ner-mgenre_el-nllb_mt.txt	https://beng.dice-research.org/gerbil/experiment?id=202210140480	0.9596114397	36.59	0.37	0.38	0.64	0.43	0	2022-10-14 07:53:26	1.2.7
QALD9PlusTest-MT	ru	['spacy_ner', 'mgenre_el', 'mbart_mt']	QALD9Plus-MT_ru-en_gold_file	pred_results/QALD9Plus-MT_ru-spacy_ner-mgenre_el-mbart_mt	4c8c5e7ebb3f49509587d118e9268dd0QALD9Plus-MT_ru-en_gold_file.txt	13d2bf2ae7cd402b874317fe605452c2QALD9Plus-MT_ru-spacy_ner-mgenre_el-mbart_mt.txt	https://beng.dice-research.org/gerbil/experiment?id=202210140481	0.9482671265	30.61	0.31	0.35	0.61	0.52	0	2022-10-14 07:53:41	1.2.7
QALD9PlusTest-MT	fr	['babelscape_ner', 'mag_el', 'libre_mt']	QALD9Plus-MT_fr-en_gold_file	pred_results/QALD9Plus-MT_fr-babelscape_ner-mag_el-libre_mt	76297a0a22a64caa9dafd7fec5ba4000QALD9Plus-MT_fr-en_gold_file.txt	1bdecf06a7a947669083b483b7c8d235QALD9Plus-MT_fr-babelscape_ner-mag_el-libre_mt.txt	https://beng.dice-research.org/gerbil/experiment?id=202210140482	0.9604921079	42.34	0.44	0.41	0.7	0.4	0	2022-10-14 07:53:57	1.2.7
QALD9PlusTest-MT	fr	['babelscape_ner', 'mag_el', 'opus_mt']	QALD9Plus-MT_fr-en_gold_file	pred_results/QALD9Plus-MT_fr-babelscape_ner-mag_el-opus_mt	76297a0a22a64caa9dafd7fec5ba4000QALD9Plus-MT_fr-en_gold_file.txt	111147d031ca4bdc8823518284aac9a5QALD9Plus-MT_fr-babelscape_ner-mag_el-opus_mt.txt	https://beng.dice-research.org/gerbil/experiment?id=202210140483	0.9601733589	35.89	0.37	0.4	0.67	0.43	0	2022-10-14 07:54:08	1.2.7
QALD9PlusTest-MT	fr	['babelscape_ner', 'mag_el', 'nllb_mt']	QALD9Plus-MT_fr-en_gold_file	pred_results/QALD9Plus-MT_fr-babelscape_ner-mag_el-nllb_mt	76297a0a22a64caa9dafd7fec5ba4000QALD9Plus-MT_fr-en_gold_file.txt	d2b084fa2fab4a7b8d972871435a9857QALD9Plus-MT_fr-babelscape_ner-mag_el-nllb_mt.txt	https://beng.dice-research.org/gerbil/experiment?id=202210140484	0.968424015	44.89	0.46	0.43	0.72	0.36	0	2022-10-14 07:54:20	1.2.7
QALD9PlusTest-MT	fr	['babelscape_ner', 'mag_el', 'mbart_mt']	QALD9Plus-MT_fr-en_gold_file	pred_results/QALD9Plus-MT_fr-babelscape_ner-mag_el-mbart_mt	76297a0a22a64caa9dafd7fec5ba4000QALD9Plus-MT_fr-en_gold_file.txt	86a9cd1e17b443a7a6136e933efe79bdQALD9Plus-MT_fr-babelscape_ner-mag_el-mbart_mt.txt	https://beng.dice-research.org/gerbil/experiment?id=202210140485	0.9547221327	40.64	0.4	0.39	0.66	0.44	0	2022-10-14 07:54:31	1.2.7
QALD9PlusTest-MT	fr	['babelscape_ner', 'mgenre_el', 'libre_mt']	QALD9Plus-MT_fr-en_gold_file	pred_results/QALD9Plus-MT_fr-babelscape_ner-mgenre_el-libre_mt	76297a0a22a64caa9dafd7fec5ba4000QALD9Plus-MT_fr-en_gold_file.txt	eea9422c422b445faf67ab419e118961QALD9Plus-MT_fr-babelscape_ner-mgenre_el-libre_mt.txt	https://beng.dice-research.org/gerbil/experiment?id=202210140486	0.9604921079	42.34	0.44	0.41	0.7	0.4	0	2022-10-14 07:54:42	1.2.7
QALD9PlusTest-MT	fr	['babelscape_ner', 'mgenre_el', 'opus_mt']	QALD9Plus-MT_fr-en_gold_file	pred_results/QALD9Plus-MT_fr-babelscape_ner-mgenre_el-opus_mt	76297a0a22a64caa9dafd7fec5ba4000QALD9Plus-MT_fr-en_gold_file.txt	1c317a9e4ef042138de69b87454b88f9QALD9Plus-MT_fr-babelscape_ner-mgenre_el-opus_mt.txt	https://beng.dice-research.org/gerbil/experiment?id=202210140487	0.9601733589	35.89	0.37	0.4	0.67	0.43	0	2022-10-14 07:54:53	1.2.7
QALD9PlusTest-MT	fr	['babelscape_ner', 'mgenre_el', 'nllb_mt']	QALD9Plus-MT_fr-en_gold_file	pred_results/QALD9Plus-MT_fr-babelscape_ner-mgenre_el-nllb_mt	76297a0a22a64caa9dafd7fec5ba4000QALD9Plus-MT_fr-en_gold_file.txt	8cc74d1e950d48dca6a417a8c52a2da9QALD9Plus-MT_fr-babelscape_ner-mgenre_el-nllb_mt.txt	https://beng.dice-research.org/gerbil/experiment?id=202210140488	0.968424015	44.89	0.46	0.43	0.72	0.36	0	2022-10-14 07:55:04	1.2.7
QALD9PlusTest-MT	fr	['babelscape_ner', 'mgenre_el', 'mbart_mt']	QALD9Plus-MT_fr-en_gold_file	pred_results/QALD9Plus-MT_fr-babelscape_ner-mgenre_el-mbart_mt	76297a0a22a64caa9dafd7fec5ba4000QALD9Plus-MT_fr-en_gold_file.txt	ddb75f1d89b94390a1d9d265fd186adcQALD9Plus-MT_fr-babelscape_ner-mgenre_el-mbart_mt.txt	https://beng.dice-research.org/gerbil/experiment?id=202210140489	0.9547221327	40.64	0.4	0.39	0.66	0.44	0	2022-10-14 07:55:15	1.2.7
QALD9PlusTest-MT	fr	['davlan_ner', 'mag_el', 'libre_mt']	QALD9Plus-MT_fr-en_gold_file	pred_results/QALD9Plus-MT_fr-davlan_ner-mag_el-libre_mt	76297a0a22a64caa9dafd7fec5ba4000QALD9Plus-MT_fr-en_gold_file.txt	d75d0cf77ae149a2abb69b939635a7e2QALD9Plus-MT_fr-davlan_ner-mag_el-libre_mt.txt	https://beng.dice-research.org/gerbil/experiment?id=202210140490	0.9604921079	42.34	0.44	0.41	0.7	0.4	0	2022-10-14 07:55:26	1.2.7
QALD9PlusTest-MT	fr	['davlan_ner', 'mag_el', 'opus_mt']	QALD9Plus-MT_fr-en_gold_file	pred_results/QALD9Plus-MT_fr-davlan_ner-mag_el-opus_mt	76297a0a22a64caa9dafd7fec5ba4000QALD9Plus-MT_fr-en_gold_file.txt	daadd77b39594b1ba3e868ea4057d58dQALD9Plus-MT_fr-davlan_ner-mag_el-opus_mt.txt	https://beng.dice-research.org/gerbil/experiment?id=202210140491	0.9601733589	35.89	0.37	0.4	0.67	0.43	0	2022-10-14 07:55:38	1.2.7
QALD9PlusTest-MT	fr	['davlan_ner', 'mag_el', 'nllb_mt']	QALD9Plus-MT_fr-en_gold_file	pred_results/QALD9Plus-MT_fr-davlan_ner-mag_el-nllb_mt	76297a0a22a64caa9dafd7fec5ba4000QALD9Plus-MT_fr-en_gold_file.txt	817c74bda76d4b60863d15d8160d351eQALD9Plus-MT_fr-davlan_ner-mag_el-nllb_mt.txt	https://beng.dice-research.org/gerbil/experiment?id=202210140492	0.968424015	44.89	0.46	0.43	0.72	0.36	0	2022-10-14 07:55:49	1.2.7
QALD9PlusTest-MT	fr	['davlan_ner', 'mag_el', 'mbart_mt']	QALD9Plus-MT_fr-en_gold_file	pred_results/QALD9Plus-MT_fr-davlan_ner-mag_el-mbart_mt	76297a0a22a64caa9dafd7fec5ba4000QALD9Plus-MT_fr-en_gold_file.txt	2455ad3b708d4ef7bbe363a720c179e7QALD9Plus-MT_fr-davlan_ner-mag_el-mbart_mt.txt	https://beng.dice-research.org/gerbil/experiment?id=202210140493	0.9547221327	40.64	0.4	0.39	0.66	0.44	0	2022-10-14 07:56:00	1.2.7
QALD9PlusTest-MT	fr	['davlan_ner', 'mgenre_el', 'libre_mt']	QALD9Plus-MT_fr-en_gold_file	pred_results/QALD9Plus-MT_fr-davlan_ner-mgenre_el-libre_mt	76297a0a22a64caa9dafd7fec5ba4000QALD9Plus-MT_fr-en_gold_file.txt	3e8b602fd3dd4cb28d57719dbcae05c0QALD9Plus-MT_fr-davlan_ner-mgenre_el-libre_mt.txt	https://beng.dice-research.org/gerbil/experiment?id=202210140494	0.9604921079	42.34	0.44	0.41	0.7	0.4	0	2022-10-14 07:56:11	1.2.7
QALD9PlusTest-MT	fr	['davlan_ner', 'mgenre_el', 'opus_mt']	QALD9Plus-MT_fr-en_gold_file	pred_results/QALD9Plus-MT_fr-davlan_ner-mgenre_el-opus_mt	76297a0a22a64caa9dafd7fec5ba4000QALD9Plus-MT_fr-en_gold_file.txt	74e99f55d4ad49ada895eff506e4063fQALD9Plus-MT_fr-davlan_ner-mgenre_el-opus_mt.txt	https://beng.dice-research.org/gerbil/experiment?id=202210140495	0.9601733589	35.89	0.37	0.4	0.67	0.43	0	2022-10-14 07:56:22	1.2.7
QALD9PlusTest-MT	fr	['davlan_ner', 'mgenre_el', 'nllb_mt']	QALD9Plus-MT_fr-en_gold_file	pred_results/QALD9Plus-MT_fr-davlan_ner-mgenre_el-nllb_mt	76297a0a22a64caa9dafd7fec5ba4000QALD9Plus-MT_fr-en_gold_file.txt	2c51bbdaa8ef4411abce3b210b4b5d47QALD9Plus-MT_fr-davlan_ner-mgenre_el-nllb_mt.txt	https://beng.dice-research.org/gerbil/experiment?id=202210140496	0.968424015	44.89	0.46	0.43	0.72	0.36	0	2022-10-14 07:56:33	1.2.7
QALD9PlusTest-MT	fr	['davlan_ner', 'mgenre_el', 'mbart_mt']	QALD9Plus-MT_fr-en_gold_file	pred_results/QALD9Plus-MT_fr-davlan_ner-mgenre_el-mbart_mt	76297a0a22a64caa9dafd7fec5ba4000QALD9Plus-MT_fr-en_gold_file.txt	2cbdd0f0e3bd4fbea5c9291f7246b942QALD9Plus-MT_fr-davlan_ner-mgenre_el-mbart_mt.txt	https://beng.dice-research.org/gerbil/experiment?id=202210140497	0.9547221327	40.64	0.4	0.39	0.66	0.44	0	2022-10-14 07:56:44	1.2.7
QALD9PlusTest-MT	fr	['spacy_ner', 'mag_el', 'libre_mt']	QALD9Plus-MT_fr-en_gold_file	pred_results/QALD9Plus-MT_fr-spacy_ner-mag_el-libre_mt	76297a0a22a64caa9dafd7fec5ba4000QALD9Plus-MT_fr-en_gold_file.txt	d47f9aa9ad1d48ce977ac3b2aa0a099fQALD9Plus-MT_fr-spacy_ner-mag_el-libre_mt.txt	https://beng.dice-research.org/gerbil/experiment?id=202210140498	0.9604921079	42.34	0.44	0.41	0.7	0.4	0	2022-10-14 07:56:56	1.2.7
QALD9PlusTest-MT	fr	['spacy_ner', 'mag_el', 'opus_mt']	QALD9Plus-MT_fr-en_gold_file	pred_results/QALD9Plus-MT_fr-spacy_ner-mag_el-opus_mt	76297a0a22a64caa9dafd7fec5ba4000QALD9Plus-MT_fr-en_gold_file.txt	0cb2f14116934f8e83f5129df2433bf6QALD9Plus-MT_fr-spacy_ner-mag_el-opus_mt.txt	https://beng.dice-research.org/gerbil/experiment?id=202210140499	0.9601733589	35.89	0.37	0.4	0.67	0.43	0	2022-10-14 07:57:07	1.2.7
QALD9PlusTest-MT	fr	['spacy_ner', 'mag_el', 'nllb_mt']	QALD9Plus-MT_fr-en_gold_file	pred_results/QALD9Plus-MT_fr-spacy_ner-mag_el-nllb_mt	76297a0a22a64caa9dafd7fec5ba4000QALD9Plus-MT_fr-en_gold_file.txt	f31addeb87d74aaa91b8655844cb10f7QALD9Plus-MT_fr-spacy_ner-mag_el-nllb_mt.txt	https://beng.dice-research.org/gerbil/experiment?id=202210140500	0.968424015	44.89	0.46	0.43	0.72	0.36	0	2022-10-14 07:57:18	1.2.7
QALD9PlusTest-MT	fr	['spacy_ner', 'mag_el', 'mbart_mt']	QALD9Plus-MT_fr-en_gold_file	pred_results/QALD9Plus-MT_fr-spacy_ner-mag_el-mbart_mt	76297a0a22a64caa9dafd7fec5ba4000QALD9Plus-MT_fr-en_gold_file.txt	b36157a8a3a74228bcf48cebb2584d88QALD9Plus-MT_fr-spacy_ner-mag_el-mbart_mt.txt	https://beng.dice-research.org/gerbil/experiment?id=202210140501	0.9547221327	40.64	0.4	0.39	0.66	0.44	0	2022-10-14 07:57:29	1.2.7
QALD9PlusTest-MT	fr	['spacy_ner', 'mgenre_el', 'libre_mt']	QALD9Plus-MT_fr-en_gold_file	pred_results/QALD9Plus-MT_fr-spacy_ner-mgenre_el-libre_mt	76297a0a22a64caa9dafd7fec5ba4000QALD9Plus-MT_fr-en_gold_file.txt	d3e8cbfbe7f744b6a68442e2c2cdfb85QALD9Plus-MT_fr-spacy_ner-mgenre_el-libre_mt.txt	https://beng.dice-research.org/gerbil/experiment?id=202210140502	0.9604921079	42.34	0.44	0.41	0.7	0.4	0	2022-10-14 07:57:40	1.2.7
QALD9PlusTest-MT	fr	['spacy_ner', 'mgenre_el', 'opus_mt']	QALD9Plus-MT_fr-en_gold_file	pred_results/QALD9Plus-MT_fr-spacy_ner-mgenre_el-opus_mt	76297a0a22a64caa9dafd7fec5ba4000QALD9Plus-MT_fr-en_gold_file.txt	10ba7ae4deff417385ff83fa30344c5fQALD9Plus-MT_fr-spacy_ner-mgenre_el-opus_mt.txt	https://beng.dice-research.org/gerbil/experiment?id=202210140503	0.9601733589	35.89	0.37	0.4	0.67	0.43	0	2022-10-14 07:57:52	1.2.7
QALD9PlusTest-MT	fr	['spacy_ner', 'mgenre_el', 'nllb_mt']	QALD9Plus-MT_fr-en_gold_file	pred_results/QALD9Plus-MT_fr-spacy_ner-mgenre_el-nllb_mt	76297a0a22a64caa9dafd7fec5ba4000QALD9Plus-MT_fr-en_gold_file.txt	7b263736ddb4451394fcf4b9fd6ab036QALD9Plus-MT_fr-spacy_ner-mgenre_el-nllb_mt.txt	https://beng.dice-research.org/gerbil/experiment?id=202210140504	0.968424015	44.89	0.46	0.43	0.72	0.36	0	2022-10-14 07:58:03	1.2.7
QALD9PlusTest-MT	fr	['spacy_ner', 'mgenre_el', 'mbart_mt']	QALD9Plus-MT_fr-en_gold_file	pred_results/QALD9Plus-MT_fr-spacy_ner-mgenre_el-mbart_mt	76297a0a22a64caa9dafd7fec5ba4000QALD9Plus-MT_fr-en_gold_file.txt	072280d191fe42538f56805edf4ac2a4QALD9Plus-MT_fr-spacy_ner-mgenre_el-mbart_mt.txt	https://beng.dice-research.org/gerbil/experiment?id=202210140505	0.9547221327	40.64	0.4	0.39	0.66	0.44	0	2022-10-14 07:58:14	1.2.7
QALD9PlusTrain-MT	de	['babelscape_ner', 'mag_el', 'libre_mt']	QALD9PlusTrain-MT_de-en_gold_file	pred_results/QALD9PlusTrain-MT_de-babelscape_ner-mag_el-libre_mt	6e6b08306e0f404bb1bb5c54570a868aQALD9PlusTrain-MT_de-en_gold_file.txt	8dd6ed3f179846868a3a8e210f3b9db9QALD9PlusTrain-MT_de-babelscape_ner-mag_el-libre_mt.txt	https://beng.dice-research.org/gerbil/experiment?id=202210140506	0.9509895591	35.84	0.36	0.39	0.64	0.45	0	2022-10-14 07:58:26	1.2.7
QALD9PlusTrain-MT	de	['babelscape_ner', 'mag_el', 'opus_mt']	QALD9PlusTrain-MT_de-en_gold_file	pred_results/QALD9PlusTrain-MT_de-babelscape_ner-mag_el-opus_mt	6e6b08306e0f404bb1bb5c54570a868aQALD9PlusTrain-MT_de-en_gold_file.txt	6953c661056645db9ff46aad8a26eea2QALD9PlusTrain-MT_de-babelscape_ner-mag_el-opus_mt.txt	https://beng.dice-research.org/gerbil/experiment?id=202210140507	0.9547003816	39.66	0.4	0.4	0.67	0.41	0	2022-10-14 07:58:52	1.2.7
QALD9PlusTrain-MT	de	['babelscape_ner', 'mag_el', 'nllb_mt']	QALD9PlusTrain-MT_de-en_gold_file	pred_results/QALD9PlusTrain-MT_de-babelscape_ner-mag_el-nllb_mt	6e6b08306e0f404bb1bb5c54570a868aQALD9PlusTrain-MT_de-en_gold_file.txt	d6c2ab8a399d42a0ae6b1a02b398e043QALD9PlusTrain-MT_de-babelscape_ner-mag_el-nllb_mt.txt	https://beng.dice-research.org/gerbil/experiment?id=202210140508	0.9601037201	40.78	0.41	0.41	0.67	0.41	0	2022-10-14 07:59:17	1.2.7
QALD9PlusTrain-MT	de	['babelscape_ner', 'mag_el', 'mbart_mt']	QALD9PlusTrain-MT_de-en_gold_file	pred_results/QALD9PlusTrain-MT_de-babelscape_ner-mag_el-mbart_mt	6e6b08306e0f404bb1bb5c54570a868aQALD9PlusTrain-MT_de-en_gold_file.txt	00d21d689a0145458b410d991eb44bdaQALD9PlusTrain-MT_de-babelscape_ner-mag_el-mbart_mt.txt	https://beng.dice-research.org/gerbil/experiment?id=202210140509	0.9533633911	37.18	0.37	0.39	0.66	0.43	0	2022-10-14 07:59:43	1.2.7
QALD9PlusTrain-MT	de	['babelscape_ner', 'mgenre_el', 'libre_mt']	QALD9PlusTrain-MT_de-en_gold_file	pred_results/QALD9PlusTrain-MT_de-babelscape_ner-mgenre_el-libre_mt	6e6b08306e0f404bb1bb5c54570a868aQALD9PlusTrain-MT_de-en_gold_file.txt	f88a34a3ee03409c910ecbd0fa5cbf24QALD9PlusTrain-MT_de-babelscape_ner-mgenre_el-libre_mt.txt	https://beng.dice-research.org/gerbil/experiment?id=202210140510	0.9509895591	35.84	0.36	0.39	0.64	0.45	0	2022-10-14 08:00:08	1.2.7
QALD9PlusTrain-MT	de	['babelscape_ner', 'mgenre_el', 'opus_mt']	QALD9PlusTrain-MT_de-en_gold_file	pred_results/QALD9PlusTrain-MT_de-babelscape_ner-mgenre_el-opus_mt	6e6b08306e0f404bb1bb5c54570a868aQALD9PlusTrain-MT_de-en_gold_file.txt	954f3b50df1446df990af62f02b93298QALD9PlusTrain-MT_de-babelscape_ner-mgenre_el-opus_mt.txt	https://beng.dice-research.org/gerbil/experiment?id=202210140511	0.9547003816	39.66	0.4	0.4	0.67	0.41	0	2022-10-14 08:00:35	1.2.7
QALD9PlusTrain-MT	de	['babelscape_ner', 'mgenre_el', 'nllb_mt']	QALD9PlusTrain-MT_de-en_gold_file	pred_results/QALD9PlusTrain-MT_de-babelscape_ner-mgenre_el-nllb_mt	6e6b08306e0f404bb1bb5c54570a868aQALD9PlusTrain-MT_de-en_gold_file.txt	4305857743c54fb2a15bf839fee9a9edQALD9PlusTrain-MT_de-babelscape_ner-mgenre_el-nllb_mt.txt	https://beng.dice-research.org/gerbil/experiment?id=202210140512	0.9601037201	40.78	0.41	0.41	0.67	0.41	0	2022-10-14 08:01:01	1.2.7
QALD9PlusTrain-MT	de	['babelscape_ner', 'mgenre_el', 'mbart_mt']	QALD9PlusTrain-MT_de-en_gold_file	pred_results/QALD9PlusTrain-MT_de-babelscape_ner-mgenre_el-mbart_mt	6e6b08306e0f404bb1bb5c54570a868aQALD9PlusTrain-MT_de-en_gold_file.txt	9d5c191df28f4ba1b0f75b1688cf984aQALD9PlusTrain-MT_de-babelscape_ner-mgenre_el-mbart_mt.txt	https://beng.dice-research.org/gerbil/experiment?id=202210140513	0.9533633911	37.18	0.37	0.39	0.66	0.43	0	2022-10-14 08:01:26	1.2.7
QALD9PlusTrain-MT	de	['flair_ner', 'mag_el', 'libre_mt']	QALD9PlusTrain-MT_de-en_gold_file	pred_results/QALD9PlusTrain-MT_de-flair_ner-mag_el-libre_mt	6e6b08306e0f404bb1bb5c54570a868aQALD9PlusTrain-MT_de-en_gold_file.txt	1e0afcc0e76f4917ac2cf316f4f446bbQALD9PlusTrain-MT_de-flair_ner-mag_el-libre_mt.txt	https://beng.dice-research.org/gerbil/experiment?id=202210140514	0.9509895591	35.84	0.36	0.39	0.64	0.45	0	2022-10-14 08:01:53	1.2.7
QALD9PlusTrain-MT	de	['flair_ner', 'mag_el', 'opus_mt']	QALD9PlusTrain-MT_de-en_gold_file	pred_results/QALD9PlusTrain-MT_de-flair_ner-mag_el-opus_mt	6e6b08306e0f404bb1bb5c54570a868aQALD9PlusTrain-MT_de-en_gold_file.txt	dc2bfd51bdcc49bf82d4d720c3618a99QALD9PlusTrain-MT_de-flair_ner-mag_el-opus_mt.txt	https://beng.dice-research.org/gerbil/experiment?id=202210140515	0.9547003816	39.66	0.4	0.4	0.67	0.41	0	2022-10-14 08:02:19	1.2.7
QALD9PlusTrain-MT	de	['flair_ner', 'mag_el', 'nllb_mt']	QALD9PlusTrain-MT_de-en_gold_file	pred_results/QALD9PlusTrain-MT_de-flair_ner-mag_el-nllb_mt	6e6b08306e0f404bb1bb5c54570a868aQALD9PlusTrain-MT_de-en_gold_file.txt	6ba4081f184f474f91f64d857b6b1952QALD9PlusTrain-MT_de-flair_ner-mag_el-nllb_mt.txt	https://beng.dice-research.org/gerbil/experiment?id=202210140516	0.9601037201	40.78	0.41	0.41	0.67	0.41	0	2022-10-14 08:02:45	1.2.7
QALD9PlusTrain-MT	de	['flair_ner', 'mag_el', 'mbart_mt']	QALD9PlusTrain-MT_de-en_gold_file	pred_results/QALD9PlusTrain-MT_de-flair_ner-mag_el-mbart_mt	6e6b08306e0f404bb1bb5c54570a868aQALD9PlusTrain-MT_de-en_gold_file.txt	f6f651f33679430683114d2c22206e1eQALD9PlusTrain-MT_de-flair_ner-mag_el-mbart_mt.txt	https://beng.dice-research.org/gerbil/experiment?id=202210140517	0.9533633911	37.18	0.37	0.39	0.66	0.43	0	2022-10-14 08:03:15	1.2.7
QALD9PlusTrain-MT	de	['flair_ner', 'mgenre_el', 'libre_mt']	QALD9PlusTrain-MT_de-en_gold_file	pred_results/QALD9PlusTrain-MT_de-flair_ner-mgenre_el-libre_mt	6e6b08306e0f404bb1bb5c54570a868aQALD9PlusTrain-MT_de-en_gold_file.txt	966d398cbf5b485b9d397b5f7514e6e8QALD9PlusTrain-MT_de-flair_ner-mgenre_el-libre_mt.txt	https://beng.dice-research.org/gerbil/experiment?id=202210140518	0.9509895591	35.84	0.36	0.39	0.64	0.45	0	2022-10-14 08:03:43	1.2.7
QALD9PlusTrain-MT	de	['flair_ner', 'mgenre_el', 'opus_mt']	QALD9PlusTrain-MT_de-en_gold_file	pred_results/QALD9PlusTrain-MT_de-flair_ner-mgenre_el-opus_mt	6e6b08306e0f404bb1bb5c54570a868aQALD9PlusTrain-MT_de-en_gold_file.txt	f249980fd33247daab94c2ccd57c62fdQALD9PlusTrain-MT_de-flair_ner-mgenre_el-opus_mt.txt	https://beng.dice-research.org/gerbil/experiment?id=202210140519	0.9547003816	39.66	0.4	0.4	0.67	0.41	0	2022-10-14 08:04:11	1.2.7
QALD9PlusTrain-MT	de	['flair_ner', 'mgenre_el', 'nllb_mt']	QALD9PlusTrain-MT_de-en_gold_file	pred_results/QALD9PlusTrain-MT_de-flair_ner-mgenre_el-nllb_mt	6e6b08306e0f404bb1bb5c54570a868aQALD9PlusTrain-MT_de-en_gold_file.txt	44abc584a07d411c80ba3336ed8aa981QALD9PlusTrain-MT_de-flair_ner-mgenre_el-nllb_mt.txt	https://beng.dice-research.org/gerbil/experiment?id=202210140520	0.9601037201	40.78	0.41	0.41	0.67	0.41	0	2022-10-14 08:04:36	1.2.7
QALD9PlusTrain-MT	de	['flair_ner', 'mgenre_el', 'mbart_mt']	QALD9PlusTrain-MT_de-en_gold_file	pred_results/QALD9PlusTrain-MT_de-flair_ner-mgenre_el-mbart_mt	6e6b08306e0f404bb1bb5c54570a868aQALD9PlusTrain-MT_de-en_gold_file.txt	c7881a32b08e4c808a7c1db7a521d00cQALD9PlusTrain-MT_de-flair_ner-mgenre_el-mbart_mt.txt	https://beng.dice-research.org/gerbil/experiment?id=202210140521	0.9533633911	37.18	0.37	0.39	0.66	0.43	0	2022-10-14 08:05:02	1.2.7
QALD9PlusTrain-MT	de	['davlan_ner', 'mag_el', 'libre_mt']	QALD9PlusTrain-MT_de-en_gold_file	pred_results/QALD9PlusTrain-MT_de-davlan_ner-mag_el-libre_mt	6e6b08306e0f404bb1bb5c54570a868aQALD9PlusTrain-MT_de-en_gold_file.txt	d493c73a3a2040598b9a86fd5920315bQALD9PlusTrain-MT_de-davlan_ner-mag_el-libre_mt.txt	https://beng.dice-research.org/gerbil/experiment?id=202210140522	0.9509895591	35.84	0.36	0.39	0.64	0.45	0	2022-10-14 08:05:21	1.2.7
QALD9PlusTrain-MT	de	['davlan_ner', 'mag_el', 'opus_mt']	QALD9PlusTrain-MT_de-en_gold_file	pred_results/QALD9PlusTrain-MT_de-davlan_ner-mag_el-opus_mt	6e6b08306e0f404bb1bb5c54570a868aQALD9PlusTrain-MT_de-en_gold_file.txt	b3220be112934a659a33eb34829c053eQALD9PlusTrain-MT_de-davlan_ner-mag_el-opus_mt.txt	https://beng.dice-research.org/gerbil/experiment?id=202210140523	0.9453432418	39.13	0.39	0.4	0.66	0.42	0	2022-10-14 08:05:46	1.2.7
QALD9PlusTrain-MT	de	['davlan_ner', 'mag_el', 'nllb_mt']	QALD9PlusTrain-MT_de-en_gold_file	pred_results/QALD9PlusTrain-MT_de-davlan_ner-mag_el-nllb_mt	6e6b08306e0f404bb1bb5c54570a868aQALD9PlusTrain-MT_de-en_gold_file.txt	597ae7770f454cf195d2f160e4bd87e6QALD9PlusTrain-MT_de-davlan_ner-mag_el-nllb_mt.txt	https://beng.dice-research.org/gerbil/experiment?id=202210140524	0.9532157874	40.46	0.41	0.41	0.66	0.41	0	2022-10-14 08:06:12	1.2.7
QALD9PlusTrain-MT	de	['davlan_ner', 'mag_el', 'mbart_mt']	QALD9PlusTrain-MT_de-en_gold_file	pred_results/QALD9PlusTrain-MT_de-davlan_ner-mag_el-mbart_mt	6e6b08306e0f404bb1bb5c54570a868aQALD9PlusTrain-MT_de-en_gold_file.txt	c03e020f79734337a4b1def2ac8a8d53QALD9PlusTrain-MT_de-davlan_ner-mag_el-mbart_mt.txt	https://beng.dice-research.org/gerbil/experiment?id=202210140525	0.9509926627	37.12	0.37	0.39	0.66	0.43	0	2022-10-14 08:06:38	1.2.7
QALD9PlusTrain-MT	de	['davlan_ner', 'mgenre_el', 'libre_mt']	QALD9PlusTrain-MT_de-en_gold_file	pred_results/QALD9PlusTrain-MT_de-davlan_ner-mgenre_el-libre_mt	6e6b08306e0f404bb1bb5c54570a868aQALD9PlusTrain-MT_de-en_gold_file.txt	368010ccc3be429d99eb61ffd921cceeQALD9PlusTrain-MT_de-davlan_ner-mgenre_el-libre_mt.txt	https://beng.dice-research.org/gerbil/experiment?id=202210140526	0.9509895591	35.84	0.36	0.39	0.64	0.45	0	2022-10-14 08:07:04	1.2.7
QALD9PlusTrain-MT	de	['davlan_ner', 'mgenre_el', 'opus_mt']	QALD9PlusTrain-MT_de-en_gold_file	pred_results/QALD9PlusTrain-MT_de-davlan_ner-mgenre_el-opus_mt	6e6b08306e0f404bb1bb5c54570a868aQALD9PlusTrain-MT_de-en_gold_file.txt	e0a74a883ad64d5f96bb98d3aec4975fQALD9PlusTrain-MT_de-davlan_ner-mgenre_el-opus_mt.txt	https://beng.dice-research.org/gerbil/experiment?id=202210140527	0.9547003816	39.66	0.4	0.4	0.67	0.41	0	2022-10-14 08:07:29	1.2.7
QALD9PlusTrain-MT	de	['davlan_ner', 'mgenre_el', 'nllb_mt']	QALD9PlusTrain-MT_de-en_gold_file	pred_results/QALD9PlusTrain-MT_de-davlan_ner-mgenre_el-nllb_mt	6e6b08306e0f404bb1bb5c54570a868aQALD9PlusTrain-MT_de-en_gold_file.txt	4fa25452644d4947b91317a4e51aa9f7QALD9PlusTrain-MT_de-davlan_ner-mgenre_el-nllb_mt.txt	https://beng.dice-research.org/gerbil/experiment?id=202210140528	0.9601037201	40.78	0.41	0.41	0.67	0.41	0	2022-10-14 08:07:55	1.2.7
QALD9PlusTrain-MT	de	['davlan_ner', 'mgenre_el', 'mbart_mt']	QALD9PlusTrain-MT_de-en_gold_file	pred_results/QALD9PlusTrain-MT_de-davlan_ner-mgenre_el-mbart_mt	6e6b08306e0f404bb1bb5c54570a868aQALD9PlusTrain-MT_de-en_gold_file.txt	5a560a1dec5d43d6b1fe404a3034a828QALD9PlusTrain-MT_de-davlan_ner-mgenre_el-mbart_mt.txt	https://beng.dice-research.org/gerbil/experiment?id=202210140529	0.9509639144	37	0.37	0.39	0.66	0.43	0	2022-10-14 08:08:21	1.2.7
QALD9PlusTrain-MT	de	['spacy_ner', 'mag_el', 'libre_mt']	QALD9PlusTrain-MT_de-en_gold_file	pred_results/QALD9PlusTrain-MT_de-spacy_ner-mag_el-libre_mt	6e6b08306e0f404bb1bb5c54570a868aQALD9PlusTrain-MT_de-en_gold_file.txt	2c6e727cd61f4f3d8a6327d64e727939QALD9PlusTrain-MT_de-spacy_ner-mag_el-libre_mt.txt	https://beng.dice-research.org/gerbil/experiment?id=202210140530	0.9509895591	35.84	0.36	0.39	0.64	0.45	0	2022-10-14 08:08:46	1.2.7
QALD9PlusTrain-MT	de	['spacy_ner', 'mag_el', 'opus_mt']	QALD9PlusTrain-MT_de-en_gold_file	pred_results/QALD9PlusTrain-MT_de-spacy_ner-mag_el-opus_mt	6e6b08306e0f404bb1bb5c54570a868aQALD9PlusTrain-MT_de-en_gold_file.txt	572bb332fac34081833c2077fb1c5c61QALD9PlusTrain-MT_de-spacy_ner-mag_el-opus_mt.txt	https://beng.dice-research.org/gerbil/experiment?id=202210140531	0.9547003816	39.66	0.4	0.4	0.67	0.41	0	2022-10-14 08:09:13	1.2.7
QALD9PlusTrain-MT	de	['spacy_ner', 'mag_el', 'nllb_mt']	QALD9PlusTrain-MT_de-en_gold_file	pred_results/QALD9PlusTrain-MT_de-spacy_ner-mag_el-nllb_mt	6e6b08306e0f404bb1bb5c54570a868aQALD9PlusTrain-MT_de-en_gold_file.txt	18d1bbde757c416db98ded2090a84058QALD9PlusTrain-MT_de-spacy_ner-mag_el-nllb_mt.txt	https://beng.dice-research.org/gerbil/experiment?id=202210140532	0.9601037201	40.78	0.41	0.41	0.67	0.41	0	2022-10-14 08:09:39	1.2.7
QALD9PlusTrain-MT	de	['spacy_ner', 'mag_el', 'mbart_mt']	QALD9PlusTrain-MT_de-en_gold_file	pred_results/QALD9PlusTrain-MT_de-spacy_ner-mag_el-mbart_mt	6e6b08306e0f404bb1bb5c54570a868aQALD9PlusTrain-MT_de-en_gold_file.txt	d240c28180af4c9296bb3ce6a4e805fbQALD9PlusTrain-MT_de-spacy_ner-mag_el-mbart_mt.txt	https://beng.dice-research.org/gerbil/experiment?id=202210140533	0.9533633911	37.18	0.37	0.39	0.66	0.43	0	2022-10-14 08:10:04	1.2.7
QALD9PlusTrain-MT	de	['spacy_ner', 'mgenre_el', 'libre_mt']	QALD9PlusTrain-MT_de-en_gold_file	pred_results/QALD9PlusTrain-MT_de-spacy_ner-mgenre_el-libre_mt	6e6b08306e0f404bb1bb5c54570a868aQALD9PlusTrain-MT_de-en_gold_file.txt	d18767f7f27d47f3b1e2702f7831760bQALD9PlusTrain-MT_de-spacy_ner-mgenre_el-libre_mt.txt	https://beng.dice-research.org/gerbil/experiment?id=202210140534	0.9509895591	35.84	0.36	0.39	0.64	0.45	0	2022-10-14 08:10:30	1.2.7
QALD9PlusTrain-MT	de	['spacy_ner', 'mgenre_el', 'opus_mt']	QALD9PlusTrain-MT_de-en_gold_file	pred_results/QALD9PlusTrain-MT_de-spacy_ner-mgenre_el-opus_mt	6e6b08306e0f404bb1bb5c54570a868aQALD9PlusTrain-MT_de-en_gold_file.txt	fff493ccb72d47ec98bfa0ff12bba3f2QALD9PlusTrain-MT_de-spacy_ner-mgenre_el-opus_mt.txt	https://beng.dice-research.org/gerbil/experiment?id=202210140535	0.9547003816	39.66	0.4	0.4	0.67	0.41	0	2022-10-14 08:10:56	1.2.7
QALD9PlusTrain-MT	de	['spacy_ner', 'mgenre_el', 'nllb_mt']	QALD9PlusTrain-MT_de-en_gold_file	pred_results/QALD9PlusTrain-MT_de-spacy_ner-mgenre_el-nllb_mt	6e6b08306e0f404bb1bb5c54570a868aQALD9PlusTrain-MT_de-en_gold_file.txt	0e8dac9bcf954447a2b273afe6b01f3aQALD9PlusTrain-MT_de-spacy_ner-mgenre_el-nllb_mt.txt	https://beng.dice-research.org/gerbil/experiment?id=202210140536	0.9601037201	40.78	0.41	0.41	0.67	0.41	0	2022-10-14 08:11:22	1.2.7
QALD9PlusTrain-MT	de	['spacy_ner', 'mgenre_el', 'mbart_mt']	QALD9PlusTrain-MT_de-en_gold_file	pred_results/QALD9PlusTrain-MT_de-spacy_ner-mgenre_el-mbart_mt	6e6b08306e0f404bb1bb5c54570a868aQALD9PlusTrain-MT_de-en_gold_file.txt	e3b39bb1fd62446d9787d8d1132240abQALD9PlusTrain-MT_de-spacy_ner-mgenre_el-mbart_mt.txt	https://beng.dice-research.org/gerbil/experiment?id=202210140537	0.9533633911	37.18	0.37	0.39	0.66	0.43	0	2022-10-14 08:11:47	1.2.7
QALD9PlusTrain-MT	ru	['babelscape_ner', 'mgenre_el', 'libre_mt']	QALD9PlusTrain-MT_ru-en_gold_file	pred_results/QALD9PlusTrain-MT_ru-babelscape_ner-mgenre_el-libre_mt	48c1a8ded8b84783a05f67ee7d8f61a1QALD9PlusTrain-MT_ru-en_gold_file.txt	e29171fec5bd485480a65a3c8212ae95QALD9PlusTrain-MT_ru-babelscape_ner-mgenre_el-libre_mt.txt	https://beng.dice-research.org/gerbil/experiment?id=202210140538	0.9290830861	19.68	0.2	0.3	0.51	0.61	0	2022-10-14 08:12:15	1.2.7
QALD9PlusTrain-MT	ru	['babelscape_ner', 'mgenre_el', 'opus_mt']	QALD9PlusTrain-MT_ru-en_gold_file	pred_results/QALD9PlusTrain-MT_ru-babelscape_ner-mgenre_el-opus_mt	48c1a8ded8b84783a05f67ee7d8f61a1QALD9PlusTrain-MT_ru-en_gold_file.txt	be79040046d5493b90cfd8f35ac5080cQALD9PlusTrain-MT_ru-babelscape_ner-mgenre_el-opus_mt.txt	https://beng.dice-research.org/gerbil/experiment?id=202210140539	0.9454324409	27.91	0.28	0.34	0.57	0.53	0	2022-10-14 08:12:39	1.2.7
QALD9PlusTrain-MT	ru	['babelscape_ner', 'mgenre_el', 'nllb_mt']	QALD9PlusTrain-MT_ru-en_gold_file	pred_results/QALD9PlusTrain-MT_ru-babelscape_ner-mgenre_el-nllb_mt	48c1a8ded8b84783a05f67ee7d8f61a1QALD9PlusTrain-MT_ru-en_gold_file.txt	03109c2b9535404fad5da6d65221e1aaQALD9PlusTrain-MT_ru-babelscape_ner-mgenre_el-nllb_mt.txt	https://beng.dice-research.org/gerbil/experiment?id=202210140540	0.9565884936	35.07	0.35	0.37	0.62	0.47	0	2022-10-14 08:13:04	1.2.7
QALD9PlusTrain-MT	ru	['babelscape_ner', 'mgenre_el', 'mbart_mt']	QALD9PlusTrain-MT_ru-en_gold_file	pred_results/QALD9PlusTrain-MT_ru-babelscape_ner-mgenre_el-mbart_mt	48c1a8ded8b84783a05f67ee7d8f61a1QALD9PlusTrain-MT_ru-en_gold_file.txt	bdd30f22361d4a50b59ad3360cb75d3cQALD9PlusTrain-MT_ru-babelscape_ner-mgenre_el-mbart_mt.txt	https://beng.dice-research.org/gerbil/experiment?id=202210140541	0.9452720572	28.73	0.29	0.34	0.58	0.54	0	2022-10-14 08:13:29	1.2.7
QALD9PlusTrain-MT	ru	['spacy_ner', 'mgenre_el', 'libre_mt']	QALD9PlusTrain-MT_ru-en_gold_file	pred_results/QALD9PlusTrain-MT_ru-spacy_ner-mgenre_el-libre_mt	48c1a8ded8b84783a05f67ee7d8f61a1QALD9PlusTrain-MT_ru-en_gold_file.txt	6b4504c9b57541c387a08e862847f68bQALD9PlusTrain-MT_ru-spacy_ner-mgenre_el-libre_mt.txt	https://beng.dice-research.org/gerbil/experiment?id=202210140542	0.9290830861	19.68	0.2	0.3	0.51	0.61	0	2022-10-14 08:13:55	1.2.7
QALD9PlusTrain-MT	ru	['spacy_ner', 'mgenre_el', 'opus_mt']	QALD9PlusTrain-MT_ru-en_gold_file	pred_results/QALD9PlusTrain-MT_ru-spacy_ner-mgenre_el-opus_mt	48c1a8ded8b84783a05f67ee7d8f61a1QALD9PlusTrain-MT_ru-en_gold_file.txt	da2b3be37a3b4436a8ec0948d1bd6ac0QALD9PlusTrain-MT_ru-spacy_ner-mgenre_el-opus_mt.txt	https://beng.dice-research.org/gerbil/experiment?id=202210140543	0.9454324409	27.91	0.28	0.34	0.57	0.53	0	2022-10-14 08:14:20	1.2.7
QALD9PlusTrain-MT	ru	['spacy_ner', 'mgenre_el', 'nllb_mt']	QALD9PlusTrain-MT_ru-en_gold_file	pred_results/QALD9PlusTrain-MT_ru-spacy_ner-mgenre_el-nllb_mt	48c1a8ded8b84783a05f67ee7d8f61a1QALD9PlusTrain-MT_ru-en_gold_file.txt	414bcb8930114cbba0bdd287de2d4d77QALD9PlusTrain-MT_ru-spacy_ner-mgenre_el-nllb_mt.txt	https://beng.dice-research.org/gerbil/experiment?id=202210140544	0.9565884936	35.07	0.35	0.37	0.62	0.47	0	2022-10-14 08:14:46	1.2.7
QALD9PlusTrain-MT	ru	['spacy_ner', 'mgenre_el', 'mbart_mt']	QALD9PlusTrain-MT_ru-en_gold_file	pred_results/QALD9PlusTrain-MT_ru-spacy_ner-mgenre_el-mbart_mt	48c1a8ded8b84783a05f67ee7d8f61a1QALD9PlusTrain-MT_ru-en_gold_file.txt	615134d5bec64214a7a9d72c826c06faQALD9PlusTrain-MT_ru-spacy_ner-mgenre_el-mbart_mt.txt	https://beng.dice-research.org/gerbil/experiment?id=202210140545	0.9452720572	28.73	0.29	0.34	0.58	0.54	0	2022-10-14 08:15:11	1.2.7
QALD9PlusTrain-MT	fr	['babelscape_ner', 'mag_el', 'libre_mt']	QALD9PlusTrain-MT_fr-en_gold_file	pred_results/QALD9PlusTrain-MT_fr-babelscape_ner-mag_el-libre_mt	642c1874b0ad49cfa5f8345d3ea6a0a9QALD9PlusTrain-MT_fr-en_gold_file.txt	89b1eac44abd41408e8cfcba36a7c632QALD9PlusTrain-MT_fr-babelscape_ner-mag_el-libre_mt.txt	https://beng.dice-research.org/gerbil/experiment?id=202210140546	0.9601671288	44	0.44	0.42	0.7	0.38	0	2022-10-14 08:15:37	1.2.7
QALD9PlusTrain-MT	fr	['babelscape_ner', 'mag_el', 'opus_mt']	QALD9PlusTrain-MT_fr-en_gold_file	pred_results/QALD9PlusTrain-MT_fr-babelscape_ner-mag_el-opus_mt	642c1874b0ad49cfa5f8345d3ea6a0a9QALD9PlusTrain-MT_fr-en_gold_file.txt	10a78b88532d40a0b5a86cfd36bd6936QALD9PlusTrain-MT_fr-babelscape_ner-mag_el-opus_mt.txt	https://beng.dice-research.org/gerbil/experiment?id=202210140547	0.9647635716	42.14	0.42	0.43	0.71	0.37	0	2022-10-14 08:15:57	1.2.7
QALD9PlusTrain-MT	fr	['babelscape_ner', 'mag_el', 'nllb_mt']	QALD9PlusTrain-MT_fr-en_gold_file	pred_results/QALD9PlusTrain-MT_fr-babelscape_ner-mag_el-nllb_mt	642c1874b0ad49cfa5f8345d3ea6a0a9QALD9PlusTrain-MT_fr-en_gold_file.txt	cc8b342112564875a7bd4ed8fae93964QALD9PlusTrain-MT_fr-babelscape_ner-mag_el-nllb_mt.txt	https://beng.dice-research.org/gerbil/experiment?id=202210140548	0.9732987008	48.76	0.49	0.46	0.72	0.33	0	2022-10-14 08:16:17	1.2.7
QALD9PlusTrain-MT	fr	['babelscape_ner', 'mag_el', 'mbart_mt']	QALD9PlusTrain-MT_fr-en_gold_file	pred_results/QALD9PlusTrain-MT_fr-babelscape_ner-mag_el-mbart_mt	642c1874b0ad49cfa5f8345d3ea6a0a9QALD9PlusTrain-MT_fr-en_gold_file.txt	7529d2dff5304dbfb41be306d6167e64QALD9PlusTrain-MT_fr-babelscape_ner-mag_el-mbart_mt.txt	https://beng.dice-research.org/gerbil/experiment?id=202210140549	0.9639084864	42.83	0.43	0.43	0.7	0.38	0	2022-10-14 08:16:36	1.2.7
QALD9PlusTrain-MT	fr	['babelscape_ner', 'mgenre_el', 'libre_mt']	QALD9PlusTrain-MT_fr-en_gold_file	pred_results/QALD9PlusTrain-MT_fr-babelscape_ner-mgenre_el-libre_mt	642c1874b0ad49cfa5f8345d3ea6a0a9QALD9PlusTrain-MT_fr-en_gold_file.txt	ce76b5697c004bbeb5c1a11c2b898683QALD9PlusTrain-MT_fr-babelscape_ner-mgenre_el-libre_mt.txt	https://beng.dice-research.org/gerbil/experiment?id=202210140550	0.9601671288	44	0.44	0.42	0.7	0.38	0	2022-10-14 08:16:56	1.2.7
QALD9PlusTrain-MT	fr	['babelscape_ner', 'mgenre_el', 'opus_mt']	QALD9PlusTrain-MT_fr-en_gold_file	pred_results/QALD9PlusTrain-MT_fr-babelscape_ner-mgenre_el-opus_mt	642c1874b0ad49cfa5f8345d3ea6a0a9QALD9PlusTrain-MT_fr-en_gold_file.txt	0eced52ab2194230a294e469f0e701f1QALD9PlusTrain-MT_fr-babelscape_ner-mgenre_el-opus_mt.txt	https://beng.dice-research.org/gerbil/experiment?id=202210140551	0.9647635716	42.14	0.42	0.43	0.71	0.37	0	2022-10-14 08:17:16	1.2.7
QALD9PlusTrain-MT	fr	['babelscape_ner', 'mgenre_el', 'nllb_mt']	QALD9PlusTrain-MT_fr-en_gold_file	pred_results/QALD9PlusTrain-MT_fr-babelscape_ner-mgenre_el-nllb_mt	642c1874b0ad49cfa5f8345d3ea6a0a9QALD9PlusTrain-MT_fr-en_gold_file.txt	6136cb1d4e12489db871026d730182edQALD9PlusTrain-MT_fr-babelscape_ner-mgenre_el-nllb_mt.txt	https://beng.dice-research.org/gerbil/experiment?id=202210140552	0.9732987008	48.76	0.49	0.46	0.72	0.33	0	2022-10-14 08:17:36	1.2.7
QALD9PlusTrain-MT	fr	['babelscape_ner', 'mgenre_el', 'mbart_mt']	QALD9PlusTrain-MT_fr-en_gold_file	pred_results/QALD9PlusTrain-MT_fr-babelscape_ner-mgenre_el-mbart_mt	642c1874b0ad49cfa5f8345d3ea6a0a9QALD9PlusTrain-MT_fr-en_gold_file.txt	5fdef569c0fe4428b0e2804180084a8cQALD9PlusTrain-MT_fr-babelscape_ner-mgenre_el-mbart_mt.txt	https://beng.dice-research.org/gerbil/experiment?id=202210140553	0.9639084864	42.83	0.43	0.43	0.7	0.38	0	2022-10-14 08:17:55	1.2.7
QALD9PlusTrain-MT	fr	['davlan_ner', 'mag_el', 'libre_mt']	QALD9PlusTrain-MT_fr-en_gold_file	pred_results/QALD9PlusTrain-MT_fr-davlan_ner-mag_el-libre_mt	642c1874b0ad49cfa5f8345d3ea6a0a9QALD9PlusTrain-MT_fr-en_gold_file.txt	15dde2b4695a4229b93474f60b13c22dQALD9PlusTrain-MT_fr-davlan_ner-mag_el-libre_mt.txt	https://beng.dice-research.org/gerbil/experiment?id=202210140554	0.9601671288	44	0.44	0.42	0.7	0.38	0	2022-10-14 08:18:14	1.2.7
QALD9PlusTrain-MT	fr	['davlan_ner', 'mag_el', 'opus_mt']	QALD9PlusTrain-MT_fr-en_gold_file	pred_results/QALD9PlusTrain-MT_fr-davlan_ner-mag_el-opus_mt	642c1874b0ad49cfa5f8345d3ea6a0a9QALD9PlusTrain-MT_fr-en_gold_file.txt	8a70e2bffa9c485185eb655e2ac92f73QALD9PlusTrain-MT_fr-davlan_ner-mag_el-opus_mt.txt	https://beng.dice-research.org/gerbil/experiment?id=202210140555	0.9647635716	42.14	0.42	0.43	0.71	0.37	0	2022-10-14 08:18:34	1.2.7
QALD9PlusTrain-MT	fr	['davlan_ner', 'mag_el', 'nllb_mt']	QALD9PlusTrain-MT_fr-en_gold_file	pred_results/QALD9PlusTrain-MT_fr-davlan_ner-mag_el-nllb_mt	642c1874b0ad49cfa5f8345d3ea6a0a9QALD9PlusTrain-MT_fr-en_gold_file.txt	7e0aa7be6e424b5ba7fbe657f41f654aQALD9PlusTrain-MT_fr-davlan_ner-mag_el-nllb_mt.txt	https://beng.dice-research.org/gerbil/experiment?id=202210140556	0.9732987008	48.76	0.49	0.46	0.72	0.33	0	2022-10-14 08:18:54	1.2.7
QALD9PlusTrain-MT	fr	['davlan_ner', 'mag_el', 'mbart_mt']	QALD9PlusTrain-MT_fr-en_gold_file	pred_results/QALD9PlusTrain-MT_fr-davlan_ner-mag_el-mbart_mt	642c1874b0ad49cfa5f8345d3ea6a0a9QALD9PlusTrain-MT_fr-en_gold_file.txt	fa6db8f0759345f1b0d27f6b5058d4abQALD9PlusTrain-MT_fr-davlan_ner-mag_el-mbart_mt.txt	https://beng.dice-research.org/gerbil/experiment?id=202210140557	0.9639084864	42.83	0.43	0.43	0.7	0.38	0	2022-10-14 08:19:14	1.2.7
QALD9PlusTrain-MT	fr	['davlan_ner', 'mgenre_el', 'libre_mt']	QALD9PlusTrain-MT_fr-en_gold_file	pred_results/QALD9PlusTrain-MT_fr-davlan_ner-mgenre_el-libre_mt	642c1874b0ad49cfa5f8345d3ea6a0a9QALD9PlusTrain-MT_fr-en_gold_file.txt	e3ad6a45efac480cb4e5f3d2dc7ff83eQALD9PlusTrain-MT_fr-davlan_ner-mgenre_el-libre_mt.txt	https://beng.dice-research.org/gerbil/experiment?id=202210140558	0.9601671288	44	0.44	0.42	0.7	0.38	0	2022-10-14 08:19:33	1.2.7
QALD9PlusTrain-MT	fr	['davlan_ner', 'mgenre_el', 'opus_mt']	QALD9PlusTrain-MT_fr-en_gold_file	pred_results/QALD9PlusTrain-MT_fr-davlan_ner-mgenre_el-opus_mt	642c1874b0ad49cfa5f8345d3ea6a0a9QALD9PlusTrain-MT_fr-en_gold_file.txt	ea3f32f989c84beb8911f226abff9d8dQALD9PlusTrain-MT_fr-davlan_ner-mgenre_el-opus_mt.txt	https://beng.dice-research.org/gerbil/experiment?id=202210140559	0.9647635716	42.14	0.42	0.43	0.71	0.37	0	2022-10-14 08:19:53	1.2.7
QALD9PlusTrain-MT	fr	['davlan_ner', 'mgenre_el', 'nllb_mt']	QALD9PlusTrain-MT_fr-en_gold_file	pred_results/QALD9PlusTrain-MT_fr-davlan_ner-mgenre_el-nllb_mt	642c1874b0ad49cfa5f8345d3ea6a0a9QALD9PlusTrain-MT_fr-en_gold_file.txt	1e2cceeea55646e4a38a46d609f7d18dQALD9PlusTrain-MT_fr-davlan_ner-mgenre_el-nllb_mt.txt	https://beng.dice-research.org/gerbil/experiment?id=202210140560	0.9732987008	48.76	0.49	0.46	0.72	0.33	0	2022-10-14 08:20:13	1.2.7
QALD9PlusTrain-MT	fr	['davlan_ner', 'mgenre_el', 'mbart_mt']	QALD9PlusTrain-MT_fr-en_gold_file	pred_results/QALD9PlusTrain-MT_fr-davlan_ner-mgenre_el-mbart_mt	642c1874b0ad49cfa5f8345d3ea6a0a9QALD9PlusTrain-MT_fr-en_gold_file.txt	591476e11fbd4454ac79809a4a875c09QALD9PlusTrain-MT_fr-davlan_ner-mgenre_el-mbart_mt.txt	https://beng.dice-research.org/gerbil/experiment?id=202210140561	0.9639084864	42.83	0.43	0.43	0.7	0.38	0	2022-10-14 08:20:32	1.2.7
QALD9PlusTrain-MT	fr	['spacy_ner', 'mag_el', 'libre_mt']	QALD9PlusTrain-MT_fr-en_gold_file	pred_results/QALD9PlusTrain-MT_fr-spacy_ner-mag_el-libre_mt	642c1874b0ad49cfa5f8345d3ea6a0a9QALD9PlusTrain-MT_fr-en_gold_file.txt	b09834d2aeab422796e2a1dbe697e746QALD9PlusTrain-MT_fr-spacy_ner-mag_el-libre_mt.txt	https://beng.dice-research.org/gerbil/experiment?id=202210140562	0.9601671288	44	0.44	0.42	0.7	0.38	0	2022-10-14 08:20:52	1.2.7
QALD9PlusTrain-MT	fr	['spacy_ner', 'mag_el', 'opus_mt']	QALD9PlusTrain-MT_fr-en_gold_file	pred_results/QALD9PlusTrain-MT_fr-spacy_ner-mag_el-opus_mt	642c1874b0ad49cfa5f8345d3ea6a0a9QALD9PlusTrain-MT_fr-en_gold_file.txt	aa5579490421430d8cbc4edc1d2b0418QALD9PlusTrain-MT_fr-spacy_ner-mag_el-opus_mt.txt	https://beng.dice-research.org/gerbil/experiment?id=202210140563	0.9647635716	42.14	0.42	0.43	0.71	0.37	0	2022-10-14 08:21:11	1.2.7
QALD9PlusTrain-MT	fr	['spacy_ner', 'mag_el', 'nllb_mt']	QALD9PlusTrain-MT_fr-en_gold_file	pred_results/QALD9PlusTrain-MT_fr-spacy_ner-mag_el-nllb_mt	642c1874b0ad49cfa5f8345d3ea6a0a9QALD9PlusTrain-MT_fr-en_gold_file.txt	5bac6941c2774864a39c7ca2ca270b73QALD9PlusTrain-MT_fr-spacy_ner-mag_el-nllb_mt.txt	https://beng.dice-research.org/gerbil/experiment?id=202210140564	0.9732987008	48.76	0.49	0.46	0.72	0.33	0	2022-10-14 08:21:32	1.2.7
QALD9PlusTrain-MT	fr	['spacy_ner', 'mag_el', 'mbart_mt']	QALD9PlusTrain-MT_fr-en_gold_file	pred_results/QALD9PlusTrain-MT_fr-spacy_ner-mag_el-mbart_mt	642c1874b0ad49cfa5f8345d3ea6a0a9QALD9PlusTrain-MT_fr-en_gold_file.txt	a5754b9bf601469983f42e1c3b976637QALD9PlusTrain-MT_fr-spacy_ner-mag_el-mbart_mt.txt	https://beng.dice-research.org/gerbil/experiment?id=202210140565	0.9639084864	42.83	0.43	0.43	0.7	0.38	0	2022-10-14 08:21:51	1.2.7
QALD9PlusTrain-MT	fr	['spacy_ner', 'mgenre_el', 'libre_mt']	QALD9PlusTrain-MT_fr-en_gold_file	pred_results/QALD9PlusTrain-MT_fr-spacy_ner-mgenre_el-libre_mt	642c1874b0ad49cfa5f8345d3ea6a0a9QALD9PlusTrain-MT_fr-en_gold_file.txt	22b7389bd01a4eecb0c120d477de98cfQALD9PlusTrain-MT_fr-spacy_ner-mgenre_el-libre_mt.txt	https://beng.dice-research.org/gerbil/experiment?id=202210140566	0.9601671288	44	0.44	0.42	0.7	0.38	0	2022-10-14 08:22:10	1.2.7
QALD9PlusTrain-MT	fr	['spacy_ner', 'mgenre_el', 'opus_mt']	QALD9PlusTrain-MT_fr-en_gold_file	pred_results/QALD9PlusTrain-MT_fr-spacy_ner-mgenre_el-opus_mt	642c1874b0ad49cfa5f8345d3ea6a0a9QALD9PlusTrain-MT_fr-en_gold_file.txt	c83abe47b25d46c891b5bc1bd65b1535QALD9PlusTrain-MT_fr-spacy_ner-mgenre_el-opus_mt.txt	https://beng.dice-research.org/gerbil/experiment?id=202210140567	0.9647635716	42.14	0.42	0.43	0.71	0.37	0	2022-10-14 08:22:30	1.2.7
QALD9PlusTrain-MT	fr	['spacy_ner', 'mgenre_el', 'nllb_mt']	QALD9PlusTrain-MT_fr-en_gold_file	pred_results/QALD9PlusTrain-MT_fr-spacy_ner-mgenre_el-nllb_mt	642c1874b0ad49cfa5f8345d3ea6a0a9QALD9PlusTrain-MT_fr-en_gold_file.txt	9df1659605784fec9d2f776d829eb5f4QALD9PlusTrain-MT_fr-spacy_ner-mgenre_el-nllb_mt.txt	https://beng.dice-research.org/gerbil/experiment?id=202210140568	0.9732987008	48.76	0.49	0.46	0.72	0.33	0	2022-10-14 08:22:50	1.2.7
QALD9PlusTrain-MT	fr	['spacy_ner', 'mgenre_el', 'mbart_mt']	QALD9PlusTrain-MT_fr-en_gold_file	pred_results/QALD9PlusTrain-MT_fr-spacy_ner-mgenre_el-mbart_mt	642c1874b0ad49cfa5f8345d3ea6a0a9QALD9PlusTrain-MT_fr-en_gold_file.txt	1636f7ec5c594cfc9b44003c04f36cc5QALD9PlusTrain-MT_fr-spacy_ner-mgenre_el-mbart_mt.txt	https://beng.dice-research.org/gerbil/experiment?id=202210140569	0.9639084864	42.83	0.43	0.43	0.7	0.38	0	2022-10-14 08:23:09	1.2.7