Test Name	Language	Components	Gold File	Prediction File	Uploaded Gold File	Uploaded Prediction File	Experiment URI	BertScore F1	BLEURT Score	BLEU	BLEU NLTK	METEOR	chrF++	TER	Error Count	Timestamp	GERBIL version
QALD10-MT	de	['babelscape_ner', 'mag_el', 'libre_mt']	QALD10-MT_de-en_gold_file	pred_results/QALD10-MT_de-babelscape_ner-mag_el-libre_mt	4159a9f5637249d3aa9a26b349f2fd19QALD10-MT_de-en_gold_file.txt	a512c217b2ba40e2a9fca4ea81c03271QALD10-MT_de-babelscape_ner-mag_el-libre_mt.txt	https://beng.dice-research.org/gerbil/experiment?id=202210140200	0.9103020467	-0.2252221893	21.76	0.21	0.35	0.52	0.61	0	2022-10-14 01:03:13	1.2.7
QALD10-MT	de	['babelscape_ner', 'mag_el', 'opus_mt']	QALD10-MT_de-en_gold_file	pred_results/QALD10-MT_de-babelscape_ner-mag_el-opus_mt	4159a9f5637249d3aa9a26b349f2fd19QALD10-MT_de-en_gold_file.txt	40cce15dc5714196a2267152fe2ff71eQALD10-MT_de-babelscape_ner-mag_el-opus_mt.txt	https://beng.dice-research.org/gerbil/experiment?id=202210140201	0.9444390004	0.1060551895	33.75	0.34	0.39	0.63	0.47	0	2022-10-14 01:03:23	1.2.7
QALD10-MT	de	['babelscape_ner', 'mag_el', 'nllb_mt']	QALD10-MT_de-en_gold_file	pred_results/QALD10-MT_de-babelscape_ner-mag_el-nllb_mt	4159a9f5637249d3aa9a26b349f2fd19QALD10-MT_de-en_gold_file.txt	8cc3bfecfed0450fb52fefa3b4252580QALD10-MT_de-babelscape_ner-mag_el-nllb_mt.txt	https://beng.dice-research.org/gerbil/experiment?id=202210140202	0.948087742	0.1878014713	33.78	0.34	0.4	0.62	0.47	0	2022-10-14 01:03:33	1.2.7
QALD10-MT	de	['babelscape_ner', 'mag_el', 'mbart_mt']	QALD10-MT_de-en_gold_file	pred_results/QALD10-MT_de-babelscape_ner-mag_el-mbart_mt	4159a9f5637249d3aa9a26b349f2fd19QALD10-MT_de-en_gold_file.txt	f4a1ac522caa425d955e12813f706a26QALD10-MT_de-babelscape_ner-mag_el-mbart_mt.txt	https://beng.dice-research.org/gerbil/experiment?id=202210140203	0.9433823721	0.08152463661	33.5	0.33	0.39	0.62	0.49	0	2022-10-14 01:03:43	1.2.7
QALD10-MT	de	['babelscape_ner', 'mgenre_el', 'libre_mt']	QALD10-MT_de-en_gold_file	pred_results/QALD10-MT_de-babelscape_ner-mgenre_el-libre_mt	4159a9f5637249d3aa9a26b349f2fd19QALD10-MT_de-en_gold_file.txt	5e622db560cd491cb19dda38291d070bQALD10-MT_de-babelscape_ner-mgenre_el-libre_mt.txt	https://beng.dice-research.org/gerbil/experiment?id=202210140204	0.9113925363	-0.1750579187	21.71	0.21	0.35	0.52	0.61	0	2022-10-14 01:03:54	1.2.7
QALD10-MT	de	['babelscape_ner', 'mgenre_el', 'opus_mt']	QALD10-MT_de-en_gold_file	pred_results/QALD10-MT_de-babelscape_ner-mgenre_el-opus_mt	4159a9f5637249d3aa9a26b349f2fd19QALD10-MT_de-en_gold_file.txt	4afca049ce1a4278b9f0f4c80e129279QALD10-MT_de-babelscape_ner-mgenre_el-opus_mt.txt	https://beng.dice-research.org/gerbil/experiment?id=202210140205	0.9468687057	0.1691011647	35.07	0.35	0.4	0.64	0.45	0	2022-10-14 01:04:04	1.2.7
QALD10-MT	de	['babelscape_ner', 'mgenre_el', 'nllb_mt']	QALD10-MT_de-en_gold_file	pred_results/QALD10-MT_de-babelscape_ner-mgenre_el-nllb_mt	4159a9f5637249d3aa9a26b349f2fd19QALD10-MT_de-en_gold_file.txt	449a144d41654a39b5e7fe938d06597fQALD10-MT_de-babelscape_ner-mgenre_el-nllb_mt.txt	https://beng.dice-research.org/gerbil/experiment?id=202210140206	0.95037084	0.2470366323	34.6	0.34	0.4	0.63	0.45	0	2022-10-14 01:04:14	1.2.7
QALD10-MT	de	['babelscape_ner', 'mgenre_el', 'mbart_mt']	QALD10-MT_de-en_gold_file	pred_results/QALD10-MT_de-babelscape_ner-mgenre_el-mbart_mt	4159a9f5637249d3aa9a26b349f2fd19QALD10-MT_de-en_gold_file.txt	38d1266753c94f86a90eecfa1ea3aa8bQALD10-MT_de-babelscape_ner-mgenre_el-mbart_mt.txt	https://beng.dice-research.org/gerbil/experiment?id=202210140207	0.946412712	0.1491481193	34.65	0.34	0.39	0.63	0.47	0	2022-10-14 01:04:24	1.2.7
QALD10-MT	de	['flair_ner', 'mag_el', 'libre_mt']	QALD10-MT_de-en_gold_file	pred_results/QALD10-MT_de-flair_ner-mag_el-libre_mt	4159a9f5637249d3aa9a26b349f2fd19QALD10-MT_de-en_gold_file.txt	27211e15bcd04ec8a2891c9e3e89c5a5QALD10-MT_de-flair_ner-mag_el-libre_mt.txt	https://beng.dice-research.org/gerbil/experiment?id=202210140208	0.9111382067	-0.2373621441	22	0.22	0.35	0.52	0.61	0	2022-10-14 01:04:34	1.2.7
QALD10-MT	de	['flair_ner', 'mag_el', 'opus_mt']	QALD10-MT_de-en_gold_file	pred_results/QALD10-MT_de-flair_ner-mag_el-opus_mt	4159a9f5637249d3aa9a26b349f2fd19QALD10-MT_de-en_gold_file.txt	34113fcd0c454f8788e6955cad41072cQALD10-MT_de-flair_ner-mag_el-opus_mt.txt	https://beng.dice-research.org/gerbil/experiment?id=202210140209	0.9455755816	0.1246548417	33.86	0.34	0.39	0.63	0.46	0	2022-10-14 01:04:44	1.2.7
QALD10-MT	de	['flair_ner', 'mag_el', 'nllb_mt']	QALD10-MT_de-en_gold_file	pred_results/QALD10-MT_de-flair_ner-mag_el-nllb_mt	4159a9f5637249d3aa9a26b349f2fd19QALD10-MT_de-en_gold_file.txt	b5bd8862d52548b2a2a8b71e456fe632QALD10-MT_de-flair_ner-mag_el-nllb_mt.txt	https://beng.dice-research.org/gerbil/experiment?id=202210140210	0.949312762	0.2144703167	34.16	0.34	0.4	0.63	0.46	0	2022-10-14 01:04:54	1.2.7
QALD10-MT	de	['flair_ner', 'mag_el', 'mbart_mt']	QALD10-MT_de-en_gold_file	pred_results/QALD10-MT_de-flair_ner-mag_el-mbart_mt	4159a9f5637249d3aa9a26b349f2fd19QALD10-MT_de-en_gold_file.txt	b90555e76dc445a19396455c3342a905QALD10-MT_de-flair_ner-mag_el-mbart_mt.txt	https://beng.dice-research.org/gerbil/experiment?id=202210140211	0.9443152727	0.09075344214	33.45	0.33	0.39	0.63	0.48	0	2022-10-14 01:05:04	1.2.7
QALD10-MT	de	['flair_ner', 'mgenre_el', 'libre_mt']	QALD10-MT_de-en_gold_file	pred_results/QALD10-MT_de-flair_ner-mgenre_el-libre_mt	4159a9f5637249d3aa9a26b349f2fd19QALD10-MT_de-en_gold_file.txt	2871a19537de4cb88de07cc41a283abfQALD10-MT_de-flair_ner-mgenre_el-libre_mt.txt	https://beng.dice-research.org/gerbil/experiment?id=202210140212	0.9117376869	-0.1931759101	21.89	0.22	0.35	0.52	0.61	0	2022-10-14 01:05:14	1.2.7
QALD10-MT	de	['flair_ner', 'mgenre_el', 'opus_mt']	QALD10-MT_de-en_gold_file	pred_results/QALD10-MT_de-flair_ner-mgenre_el-opus_mt	4159a9f5637249d3aa9a26b349f2fd19QALD10-MT_de-en_gold_file.txt	121db0085805423495acf9a137b31275QALD10-MT_de-flair_ner-mgenre_el-opus_mt.txt	https://beng.dice-research.org/gerbil/experiment?id=202210140213	0.947087647	0.1747196966	34.71	0.35	0.4	0.63	0.45	0	2022-10-14 01:05:24	1.2.7
QALD10-MT	de	['flair_ner', 'mgenre_el', 'nllb_mt']	QALD10-MT_de-en_gold_file	pred_results/QALD10-MT_de-flair_ner-mgenre_el-nllb_mt	4159a9f5637249d3aa9a26b349f2fd19QALD10-MT_de-en_gold_file.txt	e41fd2a0ab974efb9267f268a4940216QALD10-MT_de-flair_ner-mgenre_el-nllb_mt.txt	https://beng.dice-research.org/gerbil/experiment?id=202210140214	0.9501262849	0.2462563265	33.96	0.34	0.4	0.63	0.45	0	2022-10-14 01:05:35	1.2.7
QALD10-MT	de	['flair_ner', 'mgenre_el', 'mbart_mt']	QALD10-MT_de-en_gold_file	pred_results/QALD10-MT_de-flair_ner-mgenre_el-mbart_mt	4159a9f5637249d3aa9a26b349f2fd19QALD10-MT_de-en_gold_file.txt	1b9c7839bbb74f83b9e4d0bad82f100cQALD10-MT_de-flair_ner-mgenre_el-mbart_mt.txt	https://beng.dice-research.org/gerbil/experiment?id=202210140215	0.946047671	0.1444096931	33.86	0.34	0.39	0.63	0.47	0	2022-10-14 01:05:45	1.2.7
QALD10-MT	de	['davlan_ner', 'mag_el', 'libre_mt']	QALD10-MT_de-en_gold_file	pred_results/QALD10-MT_de-davlan_ner-mag_el-libre_mt	4159a9f5637249d3aa9a26b349f2fd19QALD10-MT_de-en_gold_file.txt	9e8efa2ac40347b68ff7885a4a721692QALD10-MT_de-davlan_ner-mag_el-libre_mt.txt	https://beng.dice-research.org/gerbil/experiment?id=202210140216	0.9118369644	-0.211794386	22.13	0.22	0.35	0.52	0.6	0	2022-10-14 01:05:55	1.2.7
QALD10-MT	de	['davlan_ner', 'mag_el', 'opus_mt']	QALD10-MT_de-en_gold_file	pred_results/QALD10-MT_de-davlan_ner-mag_el-opus_mt	4159a9f5637249d3aa9a26b349f2fd19QALD10-MT_de-en_gold_file.txt	0cea9adcab2b4c17a60161672ad84becQALD10-MT_de-davlan_ner-mag_el-opus_mt.txt	https://beng.dice-research.org/gerbil/experiment?id=202210140217	0.9461090737	0.148436921	34.21	0.34	0.4	0.63	0.46	0	2022-10-14 01:06:05	1.2.7
QALD10-MT	de	['davlan_ner', 'mag_el', 'nllb_mt']	QALD10-MT_de-en_gold_file	pred_results/QALD10-MT_de-davlan_ner-mag_el-nllb_mt	4159a9f5637249d3aa9a26b349f2fd19QALD10-MT_de-en_gold_file.txt	5fb3276124d6401898445c88f2ebcd87QALD10-MT_de-davlan_ner-mag_el-nllb_mt.txt	https://beng.dice-research.org/gerbil/experiment?id=202210140218	0.9497655733	0.2318887556	34.3	0.34	0.4	0.63	0.46	0	2022-10-14 01:06:15	1.2.7
QALD10-MT	de	['davlan_ner', 'mag_el', 'mbart_mt']	QALD10-MT_de-en_gold_file	pred_results/QALD10-MT_de-davlan_ner-mag_el-mbart_mt	4159a9f5637249d3aa9a26b349f2fd19QALD10-MT_de-en_gold_file.txt	ae5b50b4f1454498b97f8a49bd5484dfQALD10-MT_de-davlan_ner-mag_el-mbart_mt.txt	https://beng.dice-research.org/gerbil/experiment?id=202210140219	0.9449065334	0.1155097988	34	0.34	0.39	0.63	0.47	0	2022-10-14 01:06:25	1.2.7
QALD10-MT	de	['davlan_ner', 'mgenre_el', 'libre_mt']	QALD10-MT_de-en_gold_file	pred_results/QALD10-MT_de-davlan_ner-mgenre_el-libre_mt	4159a9f5637249d3aa9a26b349f2fd19QALD10-MT_de-en_gold_file.txt	a0ef0665494b491690ed28e0429911a2QALD10-MT_de-davlan_ner-mgenre_el-libre_mt.txt	https://beng.dice-research.org/gerbil/experiment?id=202210140220	0.9124688692	-0.1788454037	22.26	0.22	0.35	0.52	0.6	0	2022-10-14 01:06:35	1.2.7
QALD10-MT	de	['davlan_ner', 'mgenre_el', 'opus_mt']	QALD10-MT_de-en_gold_file	pred_results/QALD10-MT_de-davlan_ner-mgenre_el-opus_mt	4159a9f5637249d3aa9a26b349f2fd19QALD10-MT_de-en_gold_file.txt	a6ef72cd3df84cf8b167b243722d9723QALD10-MT_de-davlan_ner-mgenre_el-opus_mt.txt	https://beng.dice-research.org/gerbil/experiment?id=202210140221	0.9476508727	0.1827846434	34.86	0.35	0.4	0.63	0.45	0	2022-10-14 01:06:45	1.2.7
QALD10-MT	de	['davlan_ner', 'mgenre_el', 'nllb_mt']	QALD10-MT_de-en_gold_file	pred_results/QALD10-MT_de-davlan_ner-mgenre_el-nllb_mt	4159a9f5637249d3aa9a26b349f2fd19QALD10-MT_de-en_gold_file.txt	f92b70cbb5d24408bc3a2609909ef0d7QALD10-MT_de-davlan_ner-mgenre_el-nllb_mt.txt	https://beng.dice-research.org/gerbil/experiment?id=202210140222	0.9510277746	0.2654686834	34.3	0.34	0.4	0.63	0.45	0	2022-10-14 01:06:55	1.2.7
QALD10-MT	de	['davlan_ner', 'mgenre_el', 'mbart_mt']	QALD10-MT_de-en_gold_file	pred_results/QALD10-MT_de-davlan_ner-mgenre_el-mbart_mt	4159a9f5637249d3aa9a26b349f2fd19QALD10-MT_de-en_gold_file.txt	25f8379f6a514b9badd131c71f7eb6a4QALD10-MT_de-davlan_ner-mgenre_el-mbart_mt.txt	https://beng.dice-research.org/gerbil/experiment?id=202210140223	0.9470641211	0.1592106603	34.42	0.34	0.39	0.63	0.46	0	2022-10-14 01:07:05	1.2.7
QALD10-MT	de	['spacy_ner', 'mag_el', 'libre_mt']	QALD10-MT_de-en_gold_file	pred_results/QALD10-MT_de-spacy_ner-mag_el-libre_mt	4159a9f5637249d3aa9a26b349f2fd19QALD10-MT_de-en_gold_file.txt	bfb676816fef480b87f9a782a0e73306QALD10-MT_de-spacy_ner-mag_el-libre_mt.txt	https://beng.dice-research.org/gerbil/experiment?id=202210140224	0.9110871234	-0.2241350175	21.76	0.22	0.35	0.52	0.61	0	2022-10-14 01:07:15	1.2.7
QALD10-MT	de	['spacy_ner', 'mag_el', 'opus_mt']	QALD10-MT_de-en_gold_file	pred_results/QALD10-MT_de-spacy_ner-mag_el-opus_mt	4159a9f5637249d3aa9a26b349f2fd19QALD10-MT_de-en_gold_file.txt	001b6bcd0e64443698d6ca859aa15bb9QALD10-MT_de-spacy_ner-mag_el-opus_mt.txt	https://beng.dice-research.org/gerbil/experiment?id=202210140225	0.9453139971	0.1258396986	34.03	0.34	0.4	0.63	0.46	0	2022-10-14 01:07:25	1.2.7
QALD10-MT	de	['spacy_ner', 'mag_el', 'nllb_mt']	QALD10-MT_de-en_gold_file	pred_results/QALD10-MT_de-spacy_ner-mag_el-nllb_mt	4159a9f5637249d3aa9a26b349f2fd19QALD10-MT_de-en_gold_file.txt	8c136221afae4e45b9073241a0610ac7QALD10-MT_de-spacy_ner-mag_el-nllb_mt.txt	https://beng.dice-research.org/gerbil/experiment?id=202210140226	0.9482833958	0.201576266	34.01	0.34	0.4	0.62	0.46	0	2022-10-14 01:07:36	1.2.7
QALD10-MT	de	['spacy_ner', 'mag_el', 'mbart_mt']	QALD10-MT_de-en_gold_file	pred_results/QALD10-MT_de-spacy_ner-mag_el-mbart_mt	4159a9f5637249d3aa9a26b349f2fd19QALD10-MT_de-en_gold_file.txt	637e745cc4954ad7b15c0464e73f809dQALD10-MT_de-spacy_ner-mag_el-mbart_mt.txt	https://beng.dice-research.org/gerbil/experiment?id=202210140227	0.9442634749	0.09870683893	33.81	0.34	0.39	0.63	0.48	0	2022-10-14 01:07:46	1.2.7
QALD10-MT	de	['spacy_ner', 'mgenre_el', 'libre_mt']	QALD10-MT_de-en_gold_file	pred_results/QALD10-MT_de-spacy_ner-mgenre_el-libre_mt	4159a9f5637249d3aa9a26b349f2fd19QALD10-MT_de-en_gold_file.txt	98c061ad8f8b45d5b182fc22139111f5QALD10-MT_de-spacy_ner-mgenre_el-libre_mt.txt	https://beng.dice-research.org/gerbil/experiment?id=202210140228	0.9095848044	-0.2202679297	21.46	0.21	0.35	0.51	0.61	0	2022-10-14 01:07:56	1.2.7
QALD10-MT	de	['spacy_ner', 'mgenre_el', 'opus_mt']	QALD10-MT_de-en_gold_file	pred_results/QALD10-MT_de-spacy_ner-mgenre_el-opus_mt	4159a9f5637249d3aa9a26b349f2fd19QALD10-MT_de-en_gold_file.txt	dbbeacbd63854144a6b3d8256178002cQALD10-MT_de-spacy_ner-mgenre_el-opus_mt.txt	https://beng.dice-research.org/gerbil/experiment?id=202210140229	0.9461357654	0.1446401567	34.21	0.34	0.39	0.63	0.46	0	2022-10-14 01:08:06	1.2.7
QALD10-MT	de	['spacy_ner', 'mgenre_el', 'nllb_mt']	QALD10-MT_de-en_gold_file	pred_results/QALD10-MT_de-spacy_ner-mgenre_el-nllb_mt	4159a9f5637249d3aa9a26b349f2fd19QALD10-MT_de-en_gold_file.txt	b4c32603fe1c49639e9e9ed0c73d6a93QALD10-MT_de-spacy_ner-mgenre_el-nllb_mt.txt	https://beng.dice-research.org/gerbil/experiment?id=202210140230	0.9480114581	0.2102393428	32.51	0.32	0.39	0.61	0.47	0	2022-10-14 01:08:16	1.2.7
QALD10-MT	de	['spacy_ner', 'mgenre_el', 'mbart_mt']	QALD10-MT_de-en_gold_file	pred_results/QALD10-MT_de-spacy_ner-mgenre_el-mbart_mt	4159a9f5637249d3aa9a26b349f2fd19QALD10-MT_de-en_gold_file.txt	68f584f18367402a9dfc7b038351732cQALD10-MT_de-spacy_ner-mgenre_el-mbart_mt.txt	https://beng.dice-research.org/gerbil/experiment?id=202210140231	0.9442902858	0.1154408854	33.33	0.33	0.39	0.62	0.48	0	2022-10-14 01:08:26	1.2.7
QALD10-MT	de	['no_ner', 'no_el', 'libre_mt']	QALD10-MT_de-en_gold_file	pred_results/QALD10-MT_de-no_ner-no_el-libre_mt	4159a9f5637249d3aa9a26b349f2fd19QALD10-MT_de-en_gold_file.txt	d6f99d5f04af4582a190c28b2c9a9fd5QALD10-MT_de-no_ner-no_el-libre_mt.txt	https://beng.dice-research.org/gerbil/experiment?id=202210140232	0.9134547001	-0.1916534666	22.12	0.22	0.35	0.52	0.59	0	2022-10-14 01:08:36	1.2.7
QALD10-MT	de	['no_ner', 'no_el', 'opus_mt']	QALD10-MT_de-en_gold_file	pred_results/QALD10-MT_de-no_ner-no_el-opus_mt	4159a9f5637249d3aa9a26b349f2fd19QALD10-MT_de-en_gold_file.txt	de5f9db21271455588f29ebbe77cafe3QALD10-MT_de-no_ner-no_el-opus_mt.txt	https://beng.dice-research.org/gerbil/experiment?id=202210140233	0.9506121366	0.2208311703	35.53	0.35	0.41	0.65	0.43	0	2022-10-14 01:08:46	1.2.7
QALD10-MT	de	['no_ner', 'no_el', 'nllb_mt']	QALD10-MT_de-en_gold_file	pred_results/QALD10-MT_de-no_ner-no_el-nllb_mt	4159a9f5637249d3aa9a26b349f2fd19QALD10-MT_de-en_gold_file.txt	63d7cd180d6f41f09e140e939e3eda89QALD10-MT_de-no_ner-no_el-nllb_mt.txt	https://beng.dice-research.org/gerbil/experiment?id=202210140234	0.952819738	0.288115732	35.4	0.35	0.41	0.64	0.44	0	2022-10-14 01:08:56	1.2.7
QALD10-MT	de	['no_ner', 'no_el', 'mbart_mt']	QALD10-MT_de-en_gold_file	pred_results/QALD10-MT_de-no_ner-no_el-mbart_mt	4159a9f5637249d3aa9a26b349f2fd19QALD10-MT_de-en_gold_file.txt	64441a1433034b2e8d88617efbc09e60QALD10-MT_de-no_ner-no_el-mbart_mt.txt	https://beng.dice-research.org/gerbil/experiment?id=202210140235	0.9486800113	0.1785032216	34.98	0.35	0.4	0.64	0.45	0	2022-10-14 01:09:06	1.2.7
QALD10-MT	ru	['babelscape_ner', 'mgenre_el', 'libre_mt']	QALD10-MT_ru-en_gold_file	pred_results/QALD10-MT_ru-babelscape_ner-mgenre_el-libre_mt	5e71eec731304b039bc874e0f2595dc1QALD10-MT_ru-en_gold_file.txt	14a7145513214c27a1b3e3c7a52081bfQALD10-MT_ru-babelscape_ner-mgenre_el-libre_mt.txt	https://beng.dice-research.org/gerbil/experiment?id=202210140236	0.9004946059	-0.5752336797	17.27	0.17	0.27	0.46	0.68	0	2022-10-14 01:09:17	1.2.7
QALD10-MT	ru	['babelscape_ner', 'mgenre_el', 'opus_mt']	QALD10-MT_ru-en_gold_file	pred_results/QALD10-MT_ru-babelscape_ner-mgenre_el-opus_mt	5e71eec731304b039bc874e0f2595dc1QALD10-MT_ru-en_gold_file.txt	2a97e0537deb4bf4902c4aa277f6da9eQALD10-MT_ru-babelscape_ner-mgenre_el-opus_mt.txt	https://beng.dice-research.org/gerbil/experiment?id=202210140237	0.9349986428	0.01243862699	25.19	0.25	0.35	0.56	0.55	0	2022-10-14 01:09:26	1.2.7
QALD10-MT	ru	['babelscape_ner', 'mgenre_el', 'nllb_mt']	QALD10-MT_ru-en_gold_file	pred_results/QALD10-MT_ru-babelscape_ner-mgenre_el-nllb_mt	5e71eec731304b039bc874e0f2595dc1QALD10-MT_ru-en_gold_file.txt	cb9edc7fc1ee4b8db594d88ee22ab560QALD10-MT_ru-babelscape_ner-mgenre_el-nllb_mt.txt	https://beng.dice-research.org/gerbil/experiment?id=202210140238	0.9478862744	0.2106986927	32.57	0.33	0.39	0.61	0.47	0	2022-10-14 01:09:37	1.2.7
QALD10-MT	ru	['babelscape_ner', 'mgenre_el', 'mbart_mt']	QALD10-MT_ru-en_gold_file	pred_results/QALD10-MT_ru-babelscape_ner-mgenre_el-mbart_mt	5e71eec731304b039bc874e0f2595dc1QALD10-MT_ru-en_gold_file.txt	689f2b8eea3543e0ae2016a9651dc59aQALD10-MT_ru-babelscape_ner-mgenre_el-mbart_mt.txt	https://beng.dice-research.org/gerbil/experiment?id=202210140239	0.9376820249	0.04284733291	27.41	0.27	0.36	0.58	0.53	0	2022-10-14 01:09:47	1.2.7
QALD10-MT	ru	['spacy_ner', 'mgenre_el', 'libre_mt']	QALD10-MT_ru-en_gold_file	pred_results/QALD10-MT_ru-spacy_ner-mgenre_el-libre_mt	5e71eec731304b039bc874e0f2595dc1QALD10-MT_ru-en_gold_file.txt	09447a1c33cf41dca1ca9b052dc8c020QALD10-MT_ru-spacy_ner-mgenre_el-libre_mt.txt	https://beng.dice-research.org/gerbil/experiment?id=202210140240	0.9042285982	-0.5184178959	18.39	0.18	0.28	0.47	0.67	0	2022-10-14 01:09:57	1.2.7
QALD10-MT	ru	['spacy_ner', 'mgenre_el', 'opus_mt']	QALD10-MT_ru-en_gold_file	pred_results/QALD10-MT_ru-spacy_ner-mgenre_el-opus_mt	5e71eec731304b039bc874e0f2595dc1QALD10-MT_ru-en_gold_file.txt	8a04a68326e747d8a3cf8abe82f5a48aQALD10-MT_ru-spacy_ner-mgenre_el-opus_mt.txt	https://beng.dice-research.org/gerbil/experiment?id=202210140241	0.9359048044	0.0293138577	25.24	0.25	0.35	0.57	0.54	0	2022-10-14 01:10:07	1.2.7
QALD10-MT	ru	['spacy_ner', 'mgenre_el', 'nllb_mt']	QALD10-MT_ru-en_gold_file	pred_results/QALD10-MT_ru-spacy_ner-mgenre_el-nllb_mt	5e71eec731304b039bc874e0f2595dc1QALD10-MT_ru-en_gold_file.txt	02e48c6493e442439c91ebe0aa0c3811QALD10-MT_ru-spacy_ner-mgenre_el-nllb_mt.txt	https://beng.dice-research.org/gerbil/experiment?id=202210140242	0.9485478486	0.2211856771	32.67	0.33	0.39	0.61	0.46	0	2022-10-14 01:10:17	1.2.7
QALD10-MT	ru	['spacy_ner', 'mgenre_el', 'mbart_mt']	QALD10-MT_ru-en_gold_file	pred_results/QALD10-MT_ru-spacy_ner-mgenre_el-mbart_mt	5e71eec731304b039bc874e0f2595dc1QALD10-MT_ru-en_gold_file.txt	5d0d68a5f2e74945b08f1b73564a6743QALD10-MT_ru-spacy_ner-mgenre_el-mbart_mt.txt	https://beng.dice-research.org/gerbil/experiment?id=202210140243	0.9391103866	0.05086291095	27.89	0.28	0.36	0.59	0.53	0	2022-10-14 01:10:27	1.2.7
QALD10-MT	ru	['no_ner', 'no_el', 'libre_mt']	QALD10-MT_ru-en_gold_file	pred_results/QALD10-MT_ru-no_ner-no_el-libre_mt	5e71eec731304b039bc874e0f2595dc1QALD10-MT_ru-en_gold_file.txt	d3e61e0aa8a748508dea738a327b5bdcQALD10-MT_ru-no_ner-no_el-libre_mt.txt	https://beng.dice-research.org/gerbil/experiment?id=202210140244	0.9186453597	-0.2808567474	20.91	0.21	0.3	0.51	0.6	0	2022-10-14 01:10:37	1.2.7
QALD10-MT	ru	['no_ner', 'no_el', 'opus_mt']	QALD10-MT_ru-en_gold_file	pred_results/QALD10-MT_ru-no_ner-no_el-opus_mt	5e71eec731304b039bc874e0f2595dc1QALD10-MT_ru-en_gold_file.txt	8126d034dda9416ab354a7888db6a7f7QALD10-MT_ru-no_ner-no_el-opus_mt.txt	https://beng.dice-research.org/gerbil/experiment?id=202210140245	0.9368618539	0.05217686609	26.14	0.26	0.35	0.57	0.53	0	2022-10-14 01:10:47	1.2.7
QALD10-MT	ru	['no_ner', 'no_el', 'nllb_mt']	QALD10-MT_ru-en_gold_file	pred_results/QALD10-MT_ru-no_ner-no_el-nllb_mt	5e71eec731304b039bc874e0f2595dc1QALD10-MT_ru-en_gold_file.txt	5caa90a035564f4f852360658d0b8663QALD10-MT_ru-no_ner-no_el-nllb_mt.txt	https://beng.dice-research.org/gerbil/experiment?id=202210140246	0.9483591407	0.2194550505	33.53	0.34	0.39	0.61	0.46	0	2022-10-14 01:10:57	1.2.7
QALD10-MT	ru	['no_ner', 'no_el', 'mbart_mt']	QALD10-MT_ru-en_gold_file	pred_results/QALD10-MT_ru-no_ner-no_el-mbart_mt	5e71eec731304b039bc874e0f2595dc1QALD10-MT_ru-en_gold_file.txt	cc7d3a1a7cbb4df08c50fd485be6feb9QALD10-MT_ru-no_ner-no_el-mbart_mt.txt	https://beng.dice-research.org/gerbil/experiment?id=202210140247	0.9370992901	0.01254403986	27.51	0.27	0.36	0.58	0.53	0	2022-10-14 01:11:07	1.2.7
QALD9PlusTest-MT	de	['babelscape_ner', 'mag_el', 'libre_mt']	QALD9Plus-MT_de-en_gold_file	pred_results/QALD9Plus-MT_de-babelscape_ner-mag_el-libre_mt	95869aaf19cd42f58922dccbcb80acbaQALD9Plus-MT_de-en_gold_file.txt	f27931378e6442e18b3d43a1041ef58aQALD9Plus-MT_de-babelscape_ner-mag_el-libre_mt.txt	https://beng.dice-research.org/gerbil/experiment?id=202210140248	0.9178963709	-0.1717970005	27.53	0.27	0.36	0.56	0.59	0	2022-10-14 01:11:17	1.2.7
QALD9PlusTest-MT	de	['babelscape_ner', 'mag_el', 'opus_mt']	QALD9Plus-MT_de-en_gold_file	pred_results/QALD9Plus-MT_de-babelscape_ner-mag_el-opus_mt	95869aaf19cd42f58922dccbcb80acbaQALD9Plus-MT_de-en_gold_file.txt	7d867e8b91554902a4a149855a97b261QALD9Plus-MT_de-babelscape_ner-mag_el-opus_mt.txt	https://beng.dice-research.org/gerbil/experiment?id=202210140249	0.9540024769	0.1080168882	43.34	0.44	0.4	0.69	0.42	0	2022-10-14 01:11:27	1.2.7
QALD9PlusTest-MT	de	['babelscape_ner', 'mag_el', 'nllb_mt']	QALD9Plus-MT_de-en_gold_file	pred_results/QALD9Plus-MT_de-babelscape_ner-mag_el-nllb_mt	95869aaf19cd42f58922dccbcb80acbaQALD9Plus-MT_de-en_gold_file.txt	6da32e895ce144d4a18dfdaf09c04f5eQALD9Plus-MT_de-babelscape_ner-mag_el-nllb_mt.txt	https://beng.dice-research.org/gerbil/experiment?id=202210140250	0.9593219086	0.2071592924	46.43	0.47	0.42	0.7	0.39	0	2022-10-14 01:11:37	1.2.7
QALD9PlusTest-MT	de	['babelscape_ner', 'mag_el', 'mbart_mt']	QALD9Plus-MT_de-en_gold_file	pred_results/QALD9Plus-MT_de-babelscape_ner-mag_el-mbart_mt	95869aaf19cd42f58922dccbcb80acbaQALD9Plus-MT_de-en_gold_file.txt	e204345c2e4c438a8e3c6569ba3f7dc8QALD9Plus-MT_de-babelscape_ner-mag_el-mbart_mt.txt	https://beng.dice-research.org/gerbil/experiment?id=202210140251	0.9504496185	0.08692431564	43.26	0.43	0.4	0.69	0.42	0	2022-10-14 01:11:47	1.2.7
QALD9PlusTest-MT	de	['babelscape_ner', 'mgenre_el', 'libre_mt']	QALD9Plus-MT_de-en_gold_file	pred_results/QALD9Plus-MT_de-babelscape_ner-mgenre_el-libre_mt	95869aaf19cd42f58922dccbcb80acbaQALD9Plus-MT_de-en_gold_file.txt	3b402a6fd4fb4d349bb75f159ff33d98QALD9Plus-MT_de-babelscape_ner-mgenre_el-libre_mt.txt	https://beng.dice-research.org/gerbil/experiment?id=202210140252	0.9169763823	-0.09123504375	25	0.24	0.36	0.54	0.6	0	2022-10-14 01:11:57	1.2.7
QALD9PlusTest-MT	de	['babelscape_ner', 'mgenre_el', 'opus_mt']	QALD9Plus-MT_de-en_gold_file	pred_results/QALD9Plus-MT_de-babelscape_ner-mgenre_el-opus_mt	95869aaf19cd42f58922dccbcb80acbaQALD9Plus-MT_de-en_gold_file.txt	44bba2e602ac4ab1977e845761bf9cc8QALD9Plus-MT_de-babelscape_ner-mgenre_el-opus_mt.txt	https://beng.dice-research.org/gerbil/experiment?id=202210140253	0.9562176243	0.2008349927	42.07	0.42	0.4	0.68	0.42	0	2022-10-14 01:12:07	1.2.7
QALD9PlusTest-MT	de	['babelscape_ner', 'mgenre_el', 'nllb_mt']	QALD9Plus-MT_de-en_gold_file	pred_results/QALD9Plus-MT_de-babelscape_ner-mgenre_el-nllb_mt	95869aaf19cd42f58922dccbcb80acbaQALD9Plus-MT_de-en_gold_file.txt	53feef9298a44be4bf779a640759b4e9QALD9Plus-MT_de-babelscape_ner-mgenre_el-nllb_mt.txt	https://beng.dice-research.org/gerbil/experiment?id=202210140254	0.9612310938	0.2783446284	46.88	0.47	0.42	0.7	0.39	0	2022-10-14 01:12:17	1.2.7
QALD9PlusTest-MT	de	['babelscape_ner', 'mgenre_el', 'mbart_mt']	QALD9Plus-MT_de-en_gold_file	pred_results/QALD9Plus-MT_de-babelscape_ner-mgenre_el-mbart_mt	95869aaf19cd42f58922dccbcb80acbaQALD9Plus-MT_de-en_gold_file.txt	f687c1a489b34f6e991f248d81a69adaQALD9Plus-MT_de-babelscape_ner-mgenre_el-mbart_mt.txt	https://beng.dice-research.org/gerbil/experiment?id=202210140255	0.9530941677	0.1700906487	40.83	0.41	0.39	0.68	0.44	0	2022-10-14 01:12:28	1.2.7
QALD9PlusTest-MT	de	['flair_ner', 'mag_el', 'libre_mt']	QALD9Plus-MT_de-en_gold_file	pred_results/QALD9Plus-MT_de-flair_ner-mag_el-libre_mt	95869aaf19cd42f58922dccbcb80acbaQALD9Plus-MT_de-en_gold_file.txt	88564a3bfacf4571a4af2ea322ca02f3QALD9Plus-MT_de-flair_ner-mag_el-libre_mt.txt	https://beng.dice-research.org/gerbil/experiment?id=202210140256	0.9188783665	-0.1391567142	28.51	0.28	0.37	0.56	0.58	0	2022-10-14 01:12:38	1.2.7
QALD9PlusTest-MT	de	['flair_ner', 'mag_el', 'opus_mt']	QALD9Plus-MT_de-en_gold_file	pred_results/QALD9Plus-MT_de-flair_ner-mag_el-opus_mt	95869aaf19cd42f58922dccbcb80acbaQALD9Plus-MT_de-en_gold_file.txt	38cc9ecc5e014ea998e616939522a647QALD9Plus-MT_de-flair_ner-mag_el-opus_mt.txt	https://beng.dice-research.org/gerbil/experiment?id=202210140257	0.9554615144	0.1432378404	43.63	0.44	0.4	0.69	0.41	0	2022-10-14 01:12:48	1.2.7
QALD9PlusTest-MT	de	['flair_ner', 'mag_el', 'nllb_mt']	QALD9Plus-MT_de-en_gold_file	pred_results/QALD9Plus-MT_de-flair_ner-mag_el-nllb_mt	95869aaf19cd42f58922dccbcb80acbaQALD9Plus-MT_de-en_gold_file.txt	fd96e316fd954028939fd54728fc3ecbQALD9Plus-MT_de-flair_ner-mag_el-nllb_mt.txt	https://beng.dice-research.org/gerbil/experiment?id=202210140258	0.9603804795	0.2330934382	46.34	0.47	0.42	0.7	0.38	0	2022-10-14 01:12:58	1.2.7
QALD9PlusTest-MT	de	['flair_ner', 'mag_el', 'mbart_mt']	QALD9Plus-MT_de-en_gold_file	pred_results/QALD9Plus-MT_de-flair_ner-mag_el-mbart_mt	95869aaf19cd42f58922dccbcb80acbaQALD9Plus-MT_de-en_gold_file.txt	51e9c11d83af4a90b43cc3ffe43f0541QALD9Plus-MT_de-flair_ner-mag_el-mbart_mt.txt	https://beng.dice-research.org/gerbil/experiment?id=202210140259	0.9506672545	0.1087398846	42.53	0.43	0.4	0.69	0.42	0	2022-10-14 01:13:08	1.2.7
QALD9PlusTest-MT	de	['flair_ner', 'mgenre_el', 'libre_mt']	QALD9Plus-MT_de-en_gold_file	pred_results/QALD9Plus-MT_de-flair_ner-mgenre_el-libre_mt	95869aaf19cd42f58922dccbcb80acbaQALD9Plus-MT_de-en_gold_file.txt	082ee51df434444e8c2f6a6ddf28eb72QALD9Plus-MT_de-flair_ner-mgenre_el-libre_mt.txt	https://beng.dice-research.org/gerbil/experiment?id=202210140260	0.9196464741	-0.0551033515	27.84	0.27	0.37	0.55	0.58	0	2022-10-14 01:13:18	1.2.7
QALD9PlusTest-MT	de	['flair_ner', 'mgenre_el', 'opus_mt']	QALD9Plus-MT_de-en_gold_file	pred_results/QALD9Plus-MT_de-flair_ner-mgenre_el-opus_mt	95869aaf19cd42f58922dccbcb80acbaQALD9Plus-MT_de-en_gold_file.txt	2d74baeac8b146868eb9b4c1eb7b877fQALD9Plus-MT_de-flair_ner-mgenre_el-opus_mt.txt	https://beng.dice-research.org/gerbil/experiment?id=202210140261	0.9587353973	0.2380826521	43.27	0.44	0.41	0.69	0.41	0	2022-10-14 01:13:28	1.2.7
QALD9PlusTest-MT	de	['flair_ner', 'mgenre_el', 'nllb_mt']	QALD9Plus-MT_de-en_gold_file	pred_results/QALD9Plus-MT_de-flair_ner-mgenre_el-nllb_mt	95869aaf19cd42f58922dccbcb80acbaQALD9Plus-MT_de-en_gold_file.txt	e6c257fe00f04981b552616e97523044QALD9Plus-MT_de-flair_ner-mgenre_el-nllb_mt.txt	https://beng.dice-research.org/gerbil/experiment?id=202210140262	0.9630467105	0.3172968881	47.18	0.48	0.42	0.71	0.37	0	2022-10-14 01:13:38	1.2.7
QALD9PlusTest-MT	de	['flair_ner', 'mgenre_el', 'mbart_mt']	QALD9Plus-MT_de-en_gold_file	pred_results/QALD9Plus-MT_de-flair_ner-mgenre_el-mbart_mt	95869aaf19cd42f58922dccbcb80acbaQALD9Plus-MT_de-en_gold_file.txt	fc4c922d80d14ecab901b28293031fe7QALD9Plus-MT_de-flair_ner-mgenre_el-mbart_mt.txt	https://beng.dice-research.org/gerbil/experiment?id=202210140263	0.9537361014	0.1913596122	41.82	0.42	0.39	0.68	0.42	0	2022-10-14 01:13:48	1.2.7
QALD9PlusTest-MT	de	['davlan_ner', 'mag_el', 'libre_mt']	QALD9Plus-MT_de-en_gold_file	pred_results/QALD9Plus-MT_de-davlan_ner-mag_el-libre_mt	95869aaf19cd42f58922dccbcb80acbaQALD9Plus-MT_de-en_gold_file.txt	0c6a72a75d0e4cc79fcc3e2733243285QALD9Plus-MT_de-davlan_ner-mag_el-libre_mt.txt	https://beng.dice-research.org/gerbil/experiment?id=202210140264	0.918515112	-0.134134361	26.71	0.27	0.36	0.55	0.58	0	2022-10-14 01:13:58	1.2.7
QALD9PlusTest-MT	de	['davlan_ner', 'mag_el', 'opus_mt']	QALD9Plus-MT_de-en_gold_file	pred_results/QALD9Plus-MT_de-davlan_ner-mag_el-opus_mt	95869aaf19cd42f58922dccbcb80acbaQALD9Plus-MT_de-en_gold_file.txt	d5b3e5bab04448e69ebbb36d138fc041QALD9Plus-MT_de-davlan_ner-mag_el-opus_mt.txt	https://beng.dice-research.org/gerbil/experiment?id=202210140265	0.9552023872	0.1427645811	43.33	0.44	0.4	0.69	0.41	0	2022-10-14 01:14:08	1.2.7
QALD9PlusTest-MT	de	['davlan_ner', 'mag_el', 'nllb_mt']	QALD9Plus-MT_de-en_gold_file	pred_results/QALD9Plus-MT_de-davlan_ner-mag_el-nllb_mt	95869aaf19cd42f58922dccbcb80acbaQALD9Plus-MT_de-en_gold_file.txt	de1e98f98bff42ea9f167776b5ac028cQALD9Plus-MT_de-davlan_ner-mag_el-nllb_mt.txt	https://beng.dice-research.org/gerbil/experiment?id=202210140266	0.9608463148	0.2380885868	46.47	0.47	0.42	0.7	0.38	0	2022-10-14 01:14:19	1.2.7
QALD9PlusTest-MT	de	['davlan_ner', 'mag_el', 'mbart_mt']	QALD9Plus-MT_de-en_gold_file	pred_results/QALD9Plus-MT_de-davlan_ner-mag_el-mbart_mt	95869aaf19cd42f58922dccbcb80acbaQALD9Plus-MT_de-en_gold_file.txt	245646cafbb7497081a29a5e32820e94QALD9Plus-MT_de-davlan_ner-mag_el-mbart_mt.txt	https://beng.dice-research.org/gerbil/experiment?id=202210140267	0.9514749289	0.1206837143	42.87	0.43	0.4	0.69	0.41	0	2022-10-14 01:14:29	1.2.7
QALD9PlusTest-MT	de	['davlan_ner', 'mgenre_el', 'libre_mt']	QALD9Plus-MT_de-en_gold_file	pred_results/QALD9Plus-MT_de-davlan_ner-mgenre_el-libre_mt	95869aaf19cd42f58922dccbcb80acbaQALD9Plus-MT_de-en_gold_file.txt	d349066acc3e4844bbd11684d86a8f5bQALD9Plus-MT_de-davlan_ner-mgenre_el-libre_mt.txt	https://beng.dice-research.org/gerbil/experiment?id=202210140268	0.9191894384	-0.06971911073	26.88	0.27	0.37	0.55	0.58	0	2022-10-14 01:14:39	1.2.7
QALD9PlusTest-MT	de	['davlan_ner', 'mgenre_el', 'opus_mt']	QALD9Plus-MT_de-en_gold_file	pred_results/QALD9Plus-MT_de-davlan_ner-mgenre_el-opus_mt	95869aaf19cd42f58922dccbcb80acbaQALD9Plus-MT_de-en_gold_file.txt	0e00457cd9a543ae92b87d8a8eb78e4aQALD9Plus-MT_de-davlan_ner-mgenre_el-opus_mt.txt	https://beng.dice-research.org/gerbil/experiment?id=202210140269	0.9580396573	0.2343060507	43.25	0.44	0.41	0.69	0.41	0	2022-10-14 01:14:49	1.2.7
QALD9PlusTest-MT	de	['davlan_ner', 'mgenre_el', 'nllb_mt']	QALD9Plus-MT_de-en_gold_file	pred_results/QALD9Plus-MT_de-davlan_ner-mgenre_el-nllb_mt	95869aaf19cd42f58922dccbcb80acbaQALD9Plus-MT_de-en_gold_file.txt	b7a1de154a8e4dbeb2c03797701cc26fQALD9Plus-MT_de-davlan_ner-mgenre_el-nllb_mt.txt	https://beng.dice-research.org/gerbil/experiment?id=202210140270	0.9628782399	0.3120623923	47.2	0.48	0.42	0.71	0.38	0	2022-10-14 01:14:59	1.2.7
QALD9PlusTest-MT	de	['davlan_ner', 'mgenre_el', 'mbart_mt']	QALD9Plus-MT_de-en_gold_file	pred_results/QALD9Plus-MT_de-davlan_ner-mgenre_el-mbart_mt	95869aaf19cd42f58922dccbcb80acbaQALD9Plus-MT_de-en_gold_file.txt	9c518a71ac9d409489b01a5b9128398cQALD9Plus-MT_de-davlan_ner-mgenre_el-mbart_mt.txt	https://beng.dice-research.org/gerbil/experiment?id=202210140271	0.9539105709	0.2069046744	42.8	0.43	0.4	0.69	0.41	0	2022-10-14 01:15:09	1.2.7
QALD9PlusTest-MT	de	['spacy_ner', 'mag_el', 'libre_mt']	QALD9Plus-MT_de-en_gold_file	pred_results/QALD9Plus-MT_de-spacy_ner-mag_el-libre_mt	95869aaf19cd42f58922dccbcb80acbaQALD9Plus-MT_de-en_gold_file.txt	aa81bf24fa544e21b3ee3fc047ac07bdQALD9Plus-MT_de-spacy_ner-mag_el-libre_mt.txt	https://beng.dice-research.org/gerbil/experiment?id=202210140272	0.9186830799	-0.1397142416	28.33	0.28	0.37	0.56	0.58	0	2022-10-14 01:15:19	1.2.7
QALD9PlusTest-MT	de	['spacy_ner', 'mag_el', 'opus_mt']	QALD9Plus-MT_de-en_gold_file	pred_results/QALD9Plus-MT_de-spacy_ner-mag_el-opus_mt	95869aaf19cd42f58922dccbcb80acbaQALD9Plus-MT_de-en_gold_file.txt	4d97870b6ad84720a120fb3dbdf77123QALD9Plus-MT_de-spacy_ner-mag_el-opus_mt.txt	https://beng.dice-research.org/gerbil/experiment?id=202210140273	0.9539415336	0.1312450846	45.21	0.45	0.41	0.7	0.41	0	2022-10-14 01:15:29	1.2.7
QALD9PlusTest-MT	de	['spacy_ner', 'mag_el', 'nllb_mt']	QALD9Plus-MT_de-en_gold_file	pred_results/QALD9Plus-MT_de-spacy_ner-mag_el-nllb_mt	95869aaf19cd42f58922dccbcb80acbaQALD9Plus-MT_de-en_gold_file.txt	75b41936ca2248d5a893d13889ad435dQALD9Plus-MT_de-spacy_ner-mag_el-nllb_mt.txt	https://beng.dice-research.org/gerbil/experiment?id=202210140274	0.958952136	0.2125869788	47.58	0.47	0.42	0.71	0.38	0	2022-10-14 01:15:39	1.2.7
QALD9PlusTest-MT	de	['spacy_ner', 'mag_el', 'mbart_mt']	QALD9Plus-MT_de-en_gold_file	pred_results/QALD9Plus-MT_de-spacy_ner-mag_el-mbart_mt	95869aaf19cd42f58922dccbcb80acbaQALD9Plus-MT_de-en_gold_file.txt	102b111ccc40481dbd3bdd9f92c63372QALD9Plus-MT_de-spacy_ner-mag_el-mbart_mt.txt	https://beng.dice-research.org/gerbil/experiment?id=202210140275	0.950099508	0.1009096616	44.87	0.44	0.4	0.7	0.41	0	2022-10-14 01:15:49	1.2.7
QALD9PlusTest-MT	de	['spacy_ner', 'mgenre_el', 'libre_mt']	QALD9Plus-MT_de-en_gold_file	pred_results/QALD9Plus-MT_de-spacy_ner-mgenre_el-libre_mt	95869aaf19cd42f58922dccbcb80acbaQALD9Plus-MT_de-en_gold_file.txt	12d5f1279b054305bab31c716e96512dQALD9Plus-MT_de-spacy_ner-mgenre_el-libre_mt.txt	https://beng.dice-research.org/gerbil/experiment?id=202210140276	0.916314706	-0.1145300795	26.89	0.26	0.36	0.54	0.59	0	2022-10-14 01:16:00	1.2.7
QALD9PlusTest-MT	de	['spacy_ner', 'mgenre_el', 'opus_mt']	QALD9Plus-MT_de-en_gold_file	pred_results/QALD9Plus-MT_de-spacy_ner-mgenre_el-opus_mt	95869aaf19cd42f58922dccbcb80acbaQALD9Plus-MT_de-en_gold_file.txt	9a545ba91dc94c93adce6872c344f3c5QALD9Plus-MT_de-spacy_ner-mgenre_el-opus_mt.txt	https://beng.dice-research.org/gerbil/experiment?id=202210140277	0.9560695442	0.1734392073	43.14	0.43	0.4	0.68	0.41	0	2022-10-14 01:16:10	1.2.7
QALD9PlusTest-MT	de	['spacy_ner', 'mgenre_el', 'nllb_mt']	QALD9Plus-MT_de-en_gold_file	pred_results/QALD9Plus-MT_de-spacy_ner-mgenre_el-nllb_mt	95869aaf19cd42f58922dccbcb80acbaQALD9Plus-MT_de-en_gold_file.txt	3de63f31aa7449fe9afb2c2a31bd53e7QALD9Plus-MT_de-spacy_ner-mgenre_el-nllb_mt.txt	https://beng.dice-research.org/gerbil/experiment?id=202210140278	0.961761862	0.2723950398	48.18	0.48	0.42	0.7	0.37	0	2022-10-14 01:16:20	1.2.7
QALD9PlusTest-MT	de	['spacy_ner', 'mgenre_el', 'mbart_mt']	QALD9Plus-MT_de-en_gold_file	pred_results/QALD9Plus-MT_de-spacy_ner-mgenre_el-mbart_mt	95869aaf19cd42f58922dccbcb80acbaQALD9Plus-MT_de-en_gold_file.txt	51e431725ed54e84b1eb215eeaa1726fQALD9Plus-MT_de-spacy_ner-mgenre_el-mbart_mt.txt	https://beng.dice-research.org/gerbil/experiment?id=202210140279	0.9522950097	0.1476968761	43.5	0.43	0.39	0.68	0.42	0	2022-10-14 01:16:30	1.2.7
QALD9PlusTest-MT	de	['no_ner', 'no_el', 'libre_mt']	QALD9Plus-MT_de-en_gold_file	pred_results/QALD9Plus-MT_de-no_ner-no_el-libre_mt	95869aaf19cd42f58922dccbcb80acbaQALD9Plus-MT_de-en_gold_file.txt	d5b9827d33a94477bfd50275082f1d84QALD9Plus-MT_de-no_ner-no_el-libre_mt.txt	https://beng.dice-research.org/gerbil/experiment?id=202210140280	0.9240754088	-0.05147199606	29.61	0.29	0.37	0.57	0.55	0	2022-10-14 01:16:40	1.2.7
QALD9PlusTest-MT	de	['no_ner', 'no_el', 'opus_mt']	QALD9Plus-MT_de-en_gold_file	pred_results/QALD9Plus-MT_de-no_ner-no_el-opus_mt	95869aaf19cd42f58922dccbcb80acbaQALD9Plus-MT_de-en_gold_file.txt	1a577cb8689e491c832956d7c26d1efaQALD9Plus-MT_de-no_ner-no_el-opus_mt.txt	https://beng.dice-research.org/gerbil/experiment?id=202210140281	0.9622260527	0.2901775422	45.64	0.46	0.42	0.71	0.37	0	2022-10-14 01:16:50	1.2.7
QALD9PlusTest-MT	de	['no_ner', 'no_el', 'nllb_mt']	QALD9Plus-MT_de-en_gold_file	pred_results/QALD9Plus-MT_de-no_ner-no_el-nllb_mt	95869aaf19cd42f58922dccbcb80acbaQALD9Plus-MT_de-en_gold_file.txt	955c597ac6b740adb98cbe4ec3a5a370QALD9Plus-MT_de-no_ner-no_el-nllb_mt.txt	https://beng.dice-research.org/gerbil/experiment?id=202210140282	0.9659729099	0.3627424398	48.49	0.49	0.43	0.72	0.34	0	2022-10-14 01:17:00	1.2.7
QALD9PlusTest-MT	de	['no_ner', 'no_el', 'mbart_mt']	QALD9Plus-MT_de-en_gold_file	pred_results/QALD9Plus-MT_de-no_ner-no_el-mbart_mt	95869aaf19cd42f58922dccbcb80acbaQALD9Plus-MT_de-en_gold_file.txt	b7124a67c2ad46b8b6e7c90d577d4d78QALD9Plus-MT_de-no_ner-no_el-mbart_mt.txt	https://beng.dice-research.org/gerbil/experiment?id=202210140283	0.9564393282	0.23263704	44.51	0.45	0.41	0.7	0.39	0	2022-10-14 01:17:10	1.2.7
QALD9PlusTest-MT	ru	['babelscape_ner', 'mgenre_el', 'libre_mt']	QALD9Plus-MT_ru-en_gold_file	pred_results/QALD9Plus-MT_ru-babelscape_ner-mgenre_el-libre_mt	a76ae33c594d4345aa907bd95f991fceQALD9Plus-MT_ru-en_gold_file.txt	bf9f028549954dfeaf641aa0efc0826aQALD9Plus-MT_ru-babelscape_ner-mgenre_el-libre_mt.txt	https://beng.dice-research.org/gerbil/experiment?id=202210140284	0.9080745995	-0.5997841664	16.39	0.17	0.26	0.47	0.73	0	2022-10-14 01:17:20	1.2.7
QALD9PlusTest-MT	ru	['babelscape_ner', 'mgenre_el', 'opus_mt']	QALD9Plus-MT_ru-en_gold_file	pred_results/QALD9Plus-MT_ru-babelscape_ner-mgenre_el-opus_mt	a76ae33c594d4345aa907bd95f991fceQALD9Plus-MT_ru-en_gold_file.txt	7d22e475e2ea4c8787dbbe520cb51339QALD9Plus-MT_ru-babelscape_ner-mgenre_el-opus_mt.txt	https://beng.dice-research.org/gerbil/experiment?id=202210140285	0.9376306427	-0.06051607288	21.8	0.22	0.32	0.56	0.58	0	2022-10-14 01:17:30	1.2.7
QALD9PlusTest-MT	ru	['babelscape_ner', 'mgenre_el', 'nllb_mt']	QALD9Plus-MT_ru-en_gold_file	pred_results/QALD9Plus-MT_ru-babelscape_ner-mgenre_el-nllb_mt	a76ae33c594d4345aa907bd95f991fceQALD9Plus-MT_ru-en_gold_file.txt	166f828a22c24c5b81546ef4fa2c8b90QALD9Plus-MT_ru-babelscape_ner-mgenre_el-nllb_mt.txt	https://beng.dice-research.org/gerbil/experiment?id=202210140286	0.954396617	0.1003574057	33.34	0.34	0.36	0.62	0.51	0	2022-10-14 01:17:41	1.2.7
QALD9PlusTest-MT	ru	['babelscape_ner', 'mgenre_el', 'mbart_mt']	QALD9Plus-MT_ru-en_gold_file	pred_results/QALD9Plus-MT_ru-babelscape_ner-mgenre_el-mbart_mt	a76ae33c594d4345aa907bd95f991fceQALD9Plus-MT_ru-en_gold_file.txt	1b0696608a1c4943b3c716ffacef88ebQALD9Plus-MT_ru-babelscape_ner-mgenre_el-mbart_mt.txt	https://beng.dice-research.org/gerbil/experiment?id=202210140287	0.9442386675	-0.03615025572	26.86	0.27	0.34	0.59	0.57	0	2022-10-14 01:17:51	1.2.7
QALD9PlusTest-MT	ru	['spacy_ner', 'mgenre_el', 'libre_mt']	QALD9Plus-MT_ru-en_gold_file	pred_results/QALD9Plus-MT_ru-spacy_ner-mgenre_el-libre_mt	a76ae33c594d4345aa907bd95f991fceQALD9Plus-MT_ru-en_gold_file.txt	e4a6259bc12e48009e1172df24ce93ffQALD9Plus-MT_ru-spacy_ner-mgenre_el-libre_mt.txt	https://beng.dice-research.org/gerbil/experiment?id=202210140288	0.9147198157	-0.4878934723	16.52	0.17	0.27	0.48	0.69	0	2022-10-14 01:18:01	1.2.7
QALD9PlusTest-MT	ru	['spacy_ner', 'mgenre_el', 'opus_mt']	QALD9Plus-MT_ru-en_gold_file	pred_results/QALD9Plus-MT_ru-spacy_ner-mgenre_el-opus_mt	a76ae33c594d4345aa907bd95f991fceQALD9Plus-MT_ru-en_gold_file.txt	e241b756f0254dbfa6ec7210446e595aQALD9Plus-MT_ru-spacy_ner-mgenre_el-opus_mt.txt	https://beng.dice-research.org/gerbil/experiment?id=202210140289	0.9444386645	0.02473906785	23.39	0.24	0.33	0.58	0.54	0	2022-10-14 01:18:11	1.2.7
QALD9PlusTest-MT	ru	['spacy_ner', 'mgenre_el', 'nllb_mt']	QALD9Plus-MT_ru-en_gold_file	pred_results/QALD9Plus-MT_ru-spacy_ner-mgenre_el-nllb_mt	a76ae33c594d4345aa907bd95f991fceQALD9Plus-MT_ru-en_gold_file.txt	71101ddcfeee480da7ce390dc6fbfe20QALD9Plus-MT_ru-spacy_ner-mgenre_el-nllb_mt.txt	https://beng.dice-research.org/gerbil/experiment?id=202210140290	0.9568994983	0.1609686366	33.71	0.34	0.37	0.62	0.48	0	2022-10-14 01:18:21	1.2.7
QALD9PlusTest-MT	ru	['spacy_ner', 'mgenre_el', 'mbart_mt']	QALD9Plus-MT_ru-en_gold_file	pred_results/QALD9Plus-MT_ru-spacy_ner-mgenre_el-mbart_mt	a76ae33c594d4345aa907bd95f991fceQALD9Plus-MT_ru-en_gold_file.txt	272d7ef2b544435fb650306af1fac18cQALD9Plus-MT_ru-spacy_ner-mgenre_el-mbart_mt.txt	https://beng.dice-research.org/gerbil/experiment?id=202210140291	0.9474347377	0.0295316161	29.29	0.3	0.35	0.6	0.54	0	2022-10-14 01:18:31	1.2.7
QALD9PlusTest-MT	ru	['no_ner', 'no_el', 'libre_mt']	QALD9Plus-MT_ru-en_gold_file	pred_results/QALD9Plus-MT_ru-no_ner-no_el-libre_mt	a76ae33c594d4345aa907bd95f991fceQALD9Plus-MT_ru-en_gold_file.txt	7c90c02dea3846418167b8aac2ef3e99QALD9Plus-MT_ru-no_ner-no_el-libre_mt.txt	https://beng.dice-research.org/gerbil/experiment?id=202210140292	0.9335192358	-0.1763881137	20.82	0.21	0.31	0.54	0.58	0	2022-10-14 01:18:41	1.2.7
QALD9PlusTest-MT	ru	['no_ner', 'no_el', 'opus_mt']	QALD9Plus-MT_ru-en_gold_file	pred_results/QALD9Plus-MT_ru-no_ner-no_el-opus_mt	a76ae33c594d4345aa907bd95f991fceQALD9Plus-MT_ru-en_gold_file.txt	a99b89efb95d4f6398d9f3433a3de88fQALD9Plus-MT_ru-no_ner-no_el-opus_mt.txt	https://beng.dice-research.org/gerbil/experiment?id=202210140293	0.9519169319	0.09622971008	30	0.29	0.35	0.6	0.48	0	2022-10-14 01:18:51	1.2.7
QALD9PlusTest-MT	ru	['no_ner', 'no_el', 'nllb_mt']	QALD9Plus-MT_ru-en_gold_file	pred_results/QALD9Plus-MT_ru-no_ner-no_el-nllb_mt	a76ae33c594d4345aa907bd95f991fceQALD9Plus-MT_ru-en_gold_file.txt	bff38506f13e4d7190d27c026baf4c9cQALD9Plus-MT_ru-no_ner-no_el-nllb_mt.txt	https://beng.dice-research.org/gerbil/experiment?id=202210140294	0.9596114298	0.1981487171	36.59	0.37	0.38	0.64	0.43	0	2022-10-14 01:19:01	1.2.7
QALD9PlusTest-MT	ru	['no_ner', 'no_el', 'mbart_mt']	QALD9Plus-MT_ru-en_gold_file	pred_results/QALD9Plus-MT_ru-no_ner-no_el-mbart_mt	a76ae33c594d4345aa907bd95f991fceQALD9Plus-MT_ru-en_gold_file.txt	33fdb209e5bb4e44877ca42df0c63943QALD9Plus-MT_ru-no_ner-no_el-mbart_mt.txt	https://beng.dice-research.org/gerbil/experiment?id=202210140295	0.9482671376	0.04115753874	30.61	0.31	0.35	0.61	0.52	0	2022-10-14 01:19:11	1.2.7
QALD9PlusTest-MT	fr	['babelscape_ner', 'mag_el', 'libre_mt']	QALD9Plus-MT_fr-en_gold_file	pred_results/QALD9Plus-MT_fr-babelscape_ner-mag_el-libre_mt	42cf518610f44852b339defb0cc570adQALD9Plus-MT_fr-en_gold_file.txt	3a345250e3d34262805b6821f2f92753QALD9Plus-MT_fr-babelscape_ner-mag_el-libre_mt.txt	https://beng.dice-research.org/gerbil/experiment?id=202210140296	0.9162321162	-0.2118671881	30.43	0.3	0.38	0.57	0.62	0	2022-10-14 01:19:21	1.2.7
QALD9PlusTest-MT	fr	['babelscape_ner', 'mag_el', 'opus_mt']	QALD9Plus-MT_fr-en_gold_file	pred_results/QALD9Plus-MT_fr-babelscape_ner-mag_el-opus_mt	42cf518610f44852b339defb0cc570adQALD9Plus-MT_fr-en_gold_file.txt	61670785f017486394756eb3852ba2bbQALD9Plus-MT_fr-babelscape_ner-mag_el-opus_mt.txt	https://beng.dice-research.org/gerbil/experiment?id=202210140297	0.9435273695	-0.1536224651	38.28	0.39	0.39	0.66	0.49	0	2022-10-14 01:19:31	1.2.7
QALD9PlusTest-MT	fr	['babelscape_ner', 'mag_el', 'nllb_mt']	QALD9Plus-MT_fr-en_gold_file	pred_results/QALD9Plus-MT_fr-babelscape_ner-mag_el-nllb_mt	42cf518610f44852b339defb0cc570adQALD9Plus-MT_fr-en_gold_file.txt	cbe2a33ccc2f4a6daf8a4951e1952d29QALD9Plus-MT_fr-babelscape_ner-mag_el-nllb_mt.txt	https://beng.dice-research.org/gerbil/experiment?id=202210140298	0.9512396264	-0.04652593508	38.87	0.39	0.41	0.69	0.48	0	2022-10-14 01:19:41	1.2.7
QALD9PlusTest-MT	fr	['babelscape_ner', 'mag_el', 'mbart_mt']	QALD9Plus-MT_fr-en_gold_file	pred_results/QALD9Plus-MT_fr-babelscape_ner-mag_el-mbart_mt	42cf518610f44852b339defb0cc570adQALD9Plus-MT_fr-en_gold_file.txt	16cb5536cd1f4996adefe16ce6ab1a69QALD9Plus-MT_fr-babelscape_ner-mag_el-mbart_mt.txt	https://beng.dice-research.org/gerbil/experiment?id=202210140299	0.9375288868	-0.2003726615	36.78	0.35	0.37	0.62	0.54	0	2022-10-14 01:19:52	1.2.7
QALD9PlusTest-MT	fr	['babelscape_ner', 'mgenre_el', 'libre_mt']	QALD9Plus-MT_fr-en_gold_file	pred_results/QALD9Plus-MT_fr-babelscape_ner-mgenre_el-libre_mt	42cf518610f44852b339defb0cc570adQALD9Plus-MT_fr-en_gold_file.txt	23d7aced76c84ce6940bbed3ee942418QALD9Plus-MT_fr-babelscape_ner-mgenre_el-libre_mt.txt	https://beng.dice-research.org/gerbil/experiment?id=202210140300	0.9224567747	0.04133876145	30.22	0.31	0.38	0.57	0.58	0	2022-10-14 01:20:02	1.2.7
QALD9PlusTest-MT	fr	['babelscape_ner', 'mgenre_el', 'opus_mt']	QALD9Plus-MT_fr-en_gold_file	pred_results/QALD9Plus-MT_fr-babelscape_ner-mgenre_el-opus_mt	42cf518610f44852b339defb0cc570adQALD9Plus-MT_fr-en_gold_file.txt	76c725a4e8c64befa8c513a60f755eb4QALD9Plus-MT_fr-babelscape_ner-mgenre_el-opus_mt.txt	https://beng.dice-research.org/gerbil/experiment?id=202210140301	0.955139327	0.1970536929	35.06	0.36	0.38	0.66	0.47	0	2022-10-14 01:20:11	1.2.7
QALD9PlusTest-MT	fr	['babelscape_ner', 'mgenre_el', 'nllb_mt']	QALD9Plus-MT_fr-en_gold_file	pred_results/QALD9Plus-MT_fr-babelscape_ner-mgenre_el-nllb_mt	42cf518610f44852b339defb0cc570adQALD9Plus-MT_fr-en_gold_file.txt	f81d1292541247468d926de3051762caQALD9Plus-MT_fr-babelscape_ner-mgenre_el-nllb_mt.txt	https://beng.dice-research.org/gerbil/experiment?id=202210140302	0.9613691282	0.2461832856	36.94	0.37	0.39	0.67	0.47	0	2022-10-14 01:20:22	1.2.7
QALD9PlusTest-MT	fr	['babelscape_ner', 'mgenre_el', 'mbart_mt']	QALD9Plus-MT_fr-en_gold_file	pred_results/QALD9Plus-MT_fr-babelscape_ner-mgenre_el-mbart_mt	42cf518610f44852b339defb0cc570adQALD9Plus-MT_fr-en_gold_file.txt	835ec50cc92246ef9cdbc99c68fd65aaQALD9Plus-MT_fr-babelscape_ner-mgenre_el-mbart_mt.txt	https://beng.dice-research.org/gerbil/experiment?id=202210140303	0.9479245853	0.0669500111	39.28	0.38	0.38	0.65	0.5	0	2022-10-14 01:20:32	1.2.7
QALD9PlusTest-MT	fr	['davlan_ner', 'mag_el', 'libre_mt']	QALD9Plus-MT_fr-en_gold_file	pred_results/QALD9Plus-MT_fr-davlan_ner-mag_el-libre_mt	42cf518610f44852b339defb0cc570adQALD9Plus-MT_fr-en_gold_file.txt	8c462e073b2b4d9bb00963266e300829QALD9Plus-MT_fr-davlan_ner-mag_el-libre_mt.txt	https://beng.dice-research.org/gerbil/experiment?id=202210140304	0.9190852857	-0.1017239903	29.55	0.3	0.38	0.57	0.61	0	2022-10-14 01:20:42	1.2.7
QALD9PlusTest-MT	fr	['davlan_ner', 'mag_el', 'opus_mt']	QALD9Plus-MT_fr-en_gold_file	pred_results/QALD9Plus-MT_fr-davlan_ner-mag_el-opus_mt	42cf518610f44852b339defb0cc570adQALD9Plus-MT_fr-en_gold_file.txt	719392742de24346b0094559783ca06aQALD9Plus-MT_fr-davlan_ner-mag_el-opus_mt.txt	https://beng.dice-research.org/gerbil/experiment?id=202210140305	0.9484366274	-0.02916633129	39.95	0.41	0.4	0.68	0.46	0	2022-10-14 01:20:52	1.2.7
QALD9PlusTest-MT	fr	['davlan_ner', 'mag_el', 'nllb_mt']	QALD9Plus-MT_fr-en_gold_file	pred_results/QALD9Plus-MT_fr-davlan_ner-mag_el-nllb_mt	42cf518610f44852b339defb0cc570adQALD9Plus-MT_fr-en_gold_file.txt	1cee8d10bdaf4f19907bbc8edf6e9e82QALD9Plus-MT_fr-davlan_ner-mag_el-nllb_mt.txt	https://beng.dice-research.org/gerbil/experiment?id=202210140306	0.9569443274	0.0960462819	43.21	0.43	0.43	0.71	0.43	0	2022-10-14 01:21:02	1.2.7
QALD9PlusTest-MT	fr	['davlan_ner', 'mag_el', 'mbart_mt']	QALD9Plus-MT_fr-en_gold_file	pred_results/QALD9Plus-MT_fr-davlan_ner-mag_el-mbart_mt	42cf518610f44852b339defb0cc570adQALD9Plus-MT_fr-en_gold_file.txt	4882bf3d6644441a8caef13af9f872b6QALD9Plus-MT_fr-davlan_ner-mag_el-mbart_mt.txt	https://beng.dice-research.org/gerbil/experiment?id=202210140307	0.9437362981	-0.07289338484	39.05	0.38	0.38	0.64	0.49	0	2022-10-14 01:21:12	1.2.7
QALD9PlusTest-MT	fr	['davlan_ner', 'mgenre_el', 'libre_mt']	QALD9Plus-MT_fr-en_gold_file	pred_results/QALD9Plus-MT_fr-davlan_ner-mgenre_el-libre_mt	42cf518610f44852b339defb0cc570adQALD9Plus-MT_fr-en_gold_file.txt	ee6ef62a7d1a4b6bb7585a69f97084e6QALD9Plus-MT_fr-davlan_ner-mgenre_el-libre_mt.txt	https://beng.dice-research.org/gerbil/experiment?id=202210140308	0.9234440017	0.09242852271	30.08	0.31	0.38	0.58	0.58	0	2022-10-14 01:21:22	1.2.7
QALD9PlusTest-MT	fr	['davlan_ner', 'mgenre_el', 'opus_mt']	QALD9Plus-MT_fr-en_gold_file	pred_results/QALD9Plus-MT_fr-davlan_ner-mgenre_el-opus_mt	42cf518610f44852b339defb0cc570adQALD9Plus-MT_fr-en_gold_file.txt	45ba097bf94843e2abdfb1f09db67241QALD9Plus-MT_fr-davlan_ner-mgenre_el-opus_mt.txt	https://beng.dice-research.org/gerbil/experiment?id=202210140309	0.9582791638	0.2260543656	38.27	0.39	0.4	0.68	0.45	0	2022-10-14 01:21:32	1.2.7
QALD9PlusTest-MT	fr	['davlan_ner', 'mgenre_el', 'nllb_mt']	QALD9Plus-MT_fr-en_gold_file	pred_results/QALD9Plus-MT_fr-davlan_ner-mgenre_el-nllb_mt	42cf518610f44852b339defb0cc570adQALD9Plus-MT_fr-en_gold_file.txt	78b856c083a84f5198bfbca03a1140f1QALD9Plus-MT_fr-davlan_ner-mgenre_el-nllb_mt.txt	https://beng.dice-research.org/gerbil/experiment?id=202210140310	0.9660616589	0.3431604293	41.82	0.43	0.42	0.7	0.4	0	2022-10-14 01:21:42	1.2.7
QALD9PlusTest-MT	fr	['davlan_ner', 'mgenre_el', 'mbart_mt']	QALD9Plus-MT_fr-en_gold_file	pred_results/QALD9Plus-MT_fr-davlan_ner-mgenre_el-mbart_mt	42cf518610f44852b339defb0cc570adQALD9Plus-MT_fr-en_gold_file.txt	d8b94de21ce24371a8bf1fdecc79ecb0QALD9Plus-MT_fr-davlan_ner-mgenre_el-mbart_mt.txt	https://beng.dice-research.org/gerbil/experiment?id=202210140311	0.952768681	0.1421901022	40.77	0.39	0.39	0.66	0.46	0	2022-10-14 01:21:53	1.2.7
QALD9PlusTest-MT	fr	['spacy_ner', 'mag_el', 'libre_mt']	QALD9Plus-MT_fr-en_gold_file	pred_results/QALD9Plus-MT_fr-spacy_ner-mag_el-libre_mt	42cf518610f44852b339defb0cc570adQALD9Plus-MT_fr-en_gold_file.txt	5673d5480e964e109093aac54d61f67cQALD9Plus-MT_fr-spacy_ner-mag_el-libre_mt.txt	https://beng.dice-research.org/gerbil/experiment?id=202210140312	0.9231961465	-0.02495106325	30.36	0.31	0.38	0.58	0.56	0	2022-10-14 01:22:03	1.2.7
QALD9PlusTest-MT	fr	['spacy_ner', 'mag_el', 'opus_mt']	QALD9Plus-MT_fr-en_gold_file	pred_results/QALD9Plus-MT_fr-spacy_ner-mag_el-opus_mt	42cf518610f44852b339defb0cc570adQALD9Plus-MT_fr-en_gold_file.txt	338ea77b3fae4caa961fb3f091362a3cQALD9Plus-MT_fr-spacy_ner-mag_el-opus_mt.txt	https://beng.dice-research.org/gerbil/experiment?id=202210140313	0.9580120754	0.1869893518	36.9	0.38	0.4	0.67	0.44	0	2022-10-14 01:22:13	1.2.7
QALD9PlusTest-MT	fr	['spacy_ner', 'mag_el', 'nllb_mt']	QALD9Plus-MT_fr-en_gold_file	pred_results/QALD9Plus-MT_fr-spacy_ner-mag_el-nllb_mt	42cf518610f44852b339defb0cc570adQALD9Plus-MT_fr-en_gold_file.txt	97c0a46f624f44e9a4b7cf7ff95ba6aeQALD9Plus-MT_fr-spacy_ner-mag_el-nllb_mt.txt	https://beng.dice-research.org/gerbil/experiment?id=202210140314	0.9644499803	0.2918522184	43.35	0.44	0.43	0.71	0.4	0	2022-10-14 01:22:23	1.2.7
QALD9PlusTest-MT	fr	['spacy_ner', 'mag_el', 'mbart_mt']	QALD9Plus-MT_fr-en_gold_file	pred_results/QALD9Plus-MT_fr-spacy_ner-mag_el-mbart_mt	42cf518610f44852b339defb0cc570adQALD9Plus-MT_fr-en_gold_file.txt	6f0bc54a24494b22ad0a509ef2953c97QALD9Plus-MT_fr-spacy_ner-mag_el-mbart_mt.txt	https://beng.dice-research.org/gerbil/experiment?id=202210140315	0.951940484	0.0873330307	41.47	0.4	0.39	0.66	0.45	0	2022-10-14 01:22:33	1.2.7
QALD9PlusTest-MT	fr	['spacy_ner', 'mgenre_el', 'libre_mt']	QALD9Plus-MT_fr-en_gold_file	pred_results/QALD9Plus-MT_fr-spacy_ner-mgenre_el-libre_mt	42cf518610f44852b339defb0cc570adQALD9Plus-MT_fr-en_gold_file.txt	a16f3dfc67c44be9829b6afa30e9621aQALD9Plus-MT_fr-spacy_ner-mgenre_el-libre_mt.txt	https://beng.dice-research.org/gerbil/experiment?id=202210140316	0.9220378852	-0.009558495134	30.38	0.31	0.38	0.58	0.56	0	2022-10-14 01:22:43	1.2.7
QALD9PlusTest-MT	fr	['spacy_ner', 'mgenre_el', 'opus_mt']	QALD9Plus-MT_fr-en_gold_file	pred_results/QALD9Plus-MT_fr-spacy_ner-mgenre_el-opus_mt	42cf518610f44852b339defb0cc570adQALD9Plus-MT_fr-en_gold_file.txt	75f90743a82e4e4d989c3a8c119c6790QALD9Plus-MT_fr-spacy_ner-mgenre_el-opus_mt.txt	https://beng.dice-research.org/gerbil/experiment?id=202210140317	0.9558857512	0.1866112824	32.81	0.34	0.39	0.66	0.46	0	2022-10-14 01:22:53	1.2.7
QALD9PlusTest-MT	fr	['spacy_ner', 'mgenre_el', 'nllb_mt']	QALD9Plus-MT_fr-en_gold_file	pred_results/QALD9Plus-MT_fr-spacy_ner-mgenre_el-nllb_mt	42cf518610f44852b339defb0cc570adQALD9Plus-MT_fr-en_gold_file.txt	ede0662b9f1348e4a878c0070d060ec6QALD9Plus-MT_fr-spacy_ner-mgenre_el-nllb_mt.txt	https://beng.dice-research.org/gerbil/experiment?id=202210140318	0.9622999334	0.297637165	40.43	0.41	0.41	0.69	0.41	0	2022-10-14 01:23:03	1.2.7
QALD9PlusTest-MT	fr	['spacy_ner', 'mgenre_el', 'mbart_mt']	QALD9Plus-MT_fr-en_gold_file	pred_results/QALD9Plus-MT_fr-spacy_ner-mgenre_el-mbart_mt	42cf518610f44852b339defb0cc570adQALD9Plus-MT_fr-en_gold_file.txt	b785395a867748c6bfeb11a1815fcc5dQALD9Plus-MT_fr-spacy_ner-mgenre_el-mbart_mt.txt	https://beng.dice-research.org/gerbil/experiment?id=202210140319	0.9490528631	0.08035658464	40.35	0.39	0.39	0.66	0.46	0	2022-10-14 01:23:13	1.2.7
QALD9PlusTest-MT	fr	['no_ner', 'no_el', 'libre_mt']	QALD9Plus-MT_fr-en_gold_file	pred_results/QALD9Plus-MT_fr-no_ner-no_el-libre_mt	42cf518610f44852b339defb0cc570adQALD9Plus-MT_fr-en_gold_file.txt	5e11e8c3c1c64b33a1b170a786237cd3QALD9Plus-MT_fr-no_ner-no_el-libre_mt.txt	https://beng.dice-research.org/gerbil/experiment?id=202210140320	0.9289734721	0.0378773202	32.29	0.33	0.38	0.6	0.52	0	2022-10-14 01:23:23	1.2.7
QALD9PlusTest-MT	fr	['no_ner', 'no_el', 'opus_mt']	QALD9Plus-MT_fr-en_gold_file	pred_results/QALD9Plus-MT_fr-no_ner-no_el-opus_mt	42cf518610f44852b339defb0cc570adQALD9Plus-MT_fr-en_gold_file.txt	4d581353277c4c608f0fa6ca9e78e656QALD9Plus-MT_fr-no_ner-no_el-opus_mt.txt	https://beng.dice-research.org/gerbil/experiment?id=202210140321	0.9601733589	0.2517441221	35.89	0.37	0.4	0.67	0.43	0	2022-10-14 01:23:34	1.2.7
QALD9PlusTest-MT	fr	['no_ner', 'no_el', 'nllb_mt']	QALD9Plus-MT_fr-en_gold_file	pred_results/QALD9Plus-MT_fr-no_ner-no_el-nllb_mt	42cf518610f44852b339defb0cc570adQALD9Plus-MT_fr-en_gold_file.txt	12d2ea4375e443399976bb1014b3f495QALD9Plus-MT_fr-no_ner-no_el-nllb_mt.txt	https://beng.dice-research.org/gerbil/experiment?id=202210140322	0.9684240341	0.3639611964	44.89	0.46	0.43	0.72	0.36	0	2022-10-14 01:23:43	1.2.7
QALD9PlusTest-MT	fr	['no_ner', 'no_el', 'mbart_mt']	QALD9Plus-MT_fr-en_gold_file	pred_results/QALD9Plus-MT_fr-no_ner-no_el-mbart_mt	42cf518610f44852b339defb0cc570adQALD9Plus-MT_fr-en_gold_file.txt	947ed88623e04c8eba717733fa5c8c2dQALD9Plus-MT_fr-no_ner-no_el-mbart_mt.txt	https://beng.dice-research.org/gerbil/experiment?id=202210140323	0.9547221541	0.1608133292	40.64	0.4	0.39	0.66	0.44	0	2022-10-14 01:23:54	1.2.7
QALD9PlusTrain-MT	de	['babelscape_ner', 'mag_el', 'libre_mt']	QALD9PlusTrain-MT_de-en_gold_file	pred_results/QALD9PlusTrain-MT_de-babelscape_ner-mag_el-libre_mt	50cb3c4653064e9cb704f90403deec4fQALD9PlusTrain-MT_de-en_gold_file.txt	94ff73b62aed4aa6a6b04abbd6bccad3QALD9PlusTrain-MT_de-babelscape_ner-mag_el-libre_mt.txt	https://beng.dice-research.org/gerbil/experiment?id=202210140324	0.9121651238	-0.2127086988	20.36	0.2	0.34	0.51	0.63	0	2022-10-14 01:24:04	1.2.7
QALD9PlusTrain-MT	de	['babelscape_ner', 'mag_el', 'opus_mt']	QALD9PlusTrain-MT_de-en_gold_file	pred_results/QALD9PlusTrain-MT_de-babelscape_ner-mag_el-opus_mt	50cb3c4653064e9cb704f90403deec4fQALD9PlusTrain-MT_de-en_gold_file.txt	78169f1a14004dccbb00af47681c9461QALD9PlusTrain-MT_de-babelscape_ner-mag_el-opus_mt.txt	https://beng.dice-research.org/gerbil/experiment?id=202210140325	0.9462173087	0.02754387347	36.93	0.37	0.38	0.64	0.46	0	2022-10-14 01:24:14	1.2.7
QALD9PlusTrain-MT	de	['babelscape_ner', 'mag_el', 'nllb_mt']	QALD9PlusTrain-MT_de-en_gold_file	pred_results/QALD9PlusTrain-MT_de-babelscape_ner-mag_el-nllb_mt	50cb3c4653064e9cb704f90403deec4fQALD9PlusTrain-MT_de-en_gold_file.txt	40e0c948214a44c6965ac906aa8147e9QALD9PlusTrain-MT_de-babelscape_ner-mag_el-nllb_mt.txt	https://beng.dice-research.org/gerbil/experiment?id=202210140326	0.9529503485	0.1298285041	38.86	0.39	0.4	0.65	0.46	0	2022-10-14 01:24:24	1.2.7
QALD9PlusTrain-MT	de	['babelscape_ner', 'mag_el', 'mbart_mt']	QALD9PlusTrain-MT_de-en_gold_file	pred_results/QALD9PlusTrain-MT_de-babelscape_ner-mag_el-mbart_mt	50cb3c4653064e9cb704f90403deec4fQALD9PlusTrain-MT_de-en_gold_file.txt	bfe2eda2c8934ff48d5998ec8c7ca822QALD9PlusTrain-MT_de-babelscape_ner-mag_el-mbart_mt.txt	https://beng.dice-research.org/gerbil/experiment?id=202210140327	0.9458412345	0.01634416263	35.08	0.35	0.38	0.64	0.47	0	2022-10-14 01:24:35	1.2.7
QALD9PlusTrain-MT	de	['babelscape_ner', 'mgenre_el', 'libre_mt']	QALD9PlusTrain-MT_de-en_gold_file	pred_results/QALD9PlusTrain-MT_de-babelscape_ner-mgenre_el-libre_mt	50cb3c4653064e9cb704f90403deec4fQALD9PlusTrain-MT_de-en_gold_file.txt	ca3930fa70a64894a11b7c68c5b02926QALD9PlusTrain-MT_de-babelscape_ner-mgenre_el-libre_mt.txt	https://beng.dice-research.org/gerbil/experiment?id=202210140328	0.913554722	-0.1349302146	19.62	0.2	0.35	0.51	0.62	0	2022-10-14 01:24:45	1.2.7
QALD9PlusTrain-MT	de	['babelscape_ner', 'mgenre_el', 'opus_mt']	QALD9PlusTrain-MT_de-en_gold_file	pred_results/QALD9PlusTrain-MT_de-babelscape_ner-mgenre_el-opus_mt	50cb3c4653064e9cb704f90403deec4fQALD9PlusTrain-MT_de-en_gold_file.txt	a68f7b7261104b41b3150e609af236d6QALD9PlusTrain-MT_de-babelscape_ner-mgenre_el-opus_mt.txt	https://beng.dice-research.org/gerbil/experiment?id=202210140329	0.9503287154	0.1268882014	37.48	0.38	0.39	0.65	0.45	0	2022-10-14 01:24:55	1.2.7
QALD9PlusTrain-MT	de	['babelscape_ner', 'mgenre_el', 'nllb_mt']	QALD9PlusTrain-MT_de-en_gold_file	pred_results/QALD9PlusTrain-MT_de-babelscape_ner-mgenre_el-nllb_mt	50cb3c4653064e9cb704f90403deec4fQALD9PlusTrain-MT_de-en_gold_file.txt	ab87bf525c8f48cb8dafc95436962365QALD9PlusTrain-MT_de-babelscape_ner-mgenre_el-nllb_mt.txt	https://beng.dice-research.org/gerbil/experiment?id=202210140330	0.9559883189	0.2011891197	38.87	0.39	0.4	0.65	0.44	0	2022-10-14 01:25:05	1.2.7
QALD9PlusTrain-MT	de	['babelscape_ner', 'mgenre_el', 'mbart_mt']	QALD9PlusTrain-MT_de-en_gold_file	pred_results/QALD9PlusTrain-MT_de-babelscape_ner-mgenre_el-mbart_mt	50cb3c4653064e9cb704f90403deec4fQALD9PlusTrain-MT_de-en_gold_file.txt	b11c3e3a25e74490a225258e67a96741QALD9PlusTrain-MT_de-babelscape_ner-mgenre_el-mbart_mt.txt	https://beng.dice-research.org/gerbil/experiment?id=202210140331	0.9489600153	0.0979827116	35.85	0.36	0.38	0.64	0.46	0	2022-10-14 01:25:15	1.2.7
QALD9PlusTrain-MT	de	['flair_ner', 'mag_el', 'libre_mt']	QALD9PlusTrain-MT_de-en_gold_file	pred_results/QALD9PlusTrain-MT_de-flair_ner-mag_el-libre_mt	50cb3c4653064e9cb704f90403deec4fQALD9PlusTrain-MT_de-en_gold_file.txt	a4a8163a82e24b1f9fd28033fde9084cQALD9PlusTrain-MT_de-flair_ner-mag_el-libre_mt.txt	https://beng.dice-research.org/gerbil/experiment?id=202210140332	0.9139251893	-0.1781843367	20.53	0.21	0.35	0.51	0.62	0	2022-10-14 01:25:25	1.2.7
QALD9PlusTrain-MT	de	['flair_ner', 'mag_el', 'opus_mt']	QALD9PlusTrain-MT_de-en_gold_file	pred_results/QALD9PlusTrain-MT_de-flair_ner-mag_el-opus_mt	50cb3c4653064e9cb704f90403deec4fQALD9PlusTrain-MT_de-en_gold_file.txt	eb7ba5ad9164437aaea0628c220c29c6QALD9PlusTrain-MT_de-flair_ner-mag_el-opus_mt.txt	https://beng.dice-research.org/gerbil/experiment?id=202210140333	0.9482149149	0.07232789144	37.04	0.37	0.38	0.65	0.45	0	2022-10-14 01:25:35	1.2.7
QALD9PlusTrain-MT	de	['flair_ner', 'mag_el', 'nllb_mt']	QALD9PlusTrain-MT_de-en_gold_file	pred_results/QALD9PlusTrain-MT_de-flair_ner-mag_el-nllb_mt	50cb3c4653064e9cb704f90403deec4fQALD9PlusTrain-MT_de-en_gold_file.txt	4d17a2fb4f304188bddb99166ad8a9f9QALD9PlusTrain-MT_de-flair_ner-mag_el-nllb_mt.txt	https://beng.dice-research.org/gerbil/experiment?id=202210140334	0.9544547199	0.1662188482	38.44	0.39	0.4	0.65	0.45	0	2022-10-14 01:25:45	1.2.7
QALD9PlusTrain-MT	de	['flair_ner', 'mag_el', 'mbart_mt']	QALD9PlusTrain-MT_de-en_gold_file	pred_results/QALD9PlusTrain-MT_de-flair_ner-mag_el-mbart_mt	50cb3c4653064e9cb704f90403deec4fQALD9PlusTrain-MT_de-en_gold_file.txt	aa821fb8f53b4986a379906582cfde26QALD9PlusTrain-MT_de-flair_ner-mag_el-mbart_mt.txt	https://beng.dice-research.org/gerbil/experiment?id=202210140335	0.9473151959	0.05495666953	35.24	0.35	0.38	0.64	0.46	0	2022-10-14 01:25:56	1.2.7
QALD9PlusTrain-MT	de	['flair_ner', 'mgenre_el', 'libre_mt']	QALD9PlusTrain-MT_de-en_gold_file	pred_results/QALD9PlusTrain-MT_de-flair_ner-mgenre_el-libre_mt	50cb3c4653064e9cb704f90403deec4fQALD9PlusTrain-MT_de-en_gold_file.txt	a93841a952584c1f9b080bab7eb9ae12QALD9PlusTrain-MT_de-flair_ner-mgenre_el-libre_mt.txt	https://beng.dice-research.org/gerbil/experiment?id=202210140336	0.9167392057	-0.1018376843	20.8	0.21	0.35	0.51	0.61	0	2022-10-14 01:26:06	1.2.7
QALD9PlusTrain-MT	de	['flair_ner', 'mgenre_el', 'opus_mt']	QALD9PlusTrain-MT_de-en_gold_file	pred_results/QALD9PlusTrain-MT_de-flair_ner-mgenre_el-opus_mt	50cb3c4653064e9cb704f90403deec4fQALD9PlusTrain-MT_de-en_gold_file.txt	8e81e34ca3204ee5bc1ad3ec58a741cfQALD9PlusTrain-MT_de-flair_ner-mgenre_el-opus_mt.txt	https://beng.dice-research.org/gerbil/experiment?id=202210140337	0.9520844654	0.1626153212	37.78	0.38	0.39	0.65	0.44	0	2022-10-14 01:26:16	1.2.7
QALD9PlusTrain-MT	de	['flair_ner', 'mgenre_el', 'nllb_mt']	QALD9PlusTrain-MT_de-en_gold_file	pred_results/QALD9PlusTrain-MT_de-flair_ner-mgenre_el-nllb_mt	50cb3c4653064e9cb704f90403deec4fQALD9PlusTrain-MT_de-en_gold_file.txt	ff71b4c81f4a4f4ead4a75ab3fc4e362QALD9PlusTrain-MT_de-flair_ner-mgenre_el-nllb_mt.txt	https://beng.dice-research.org/gerbil/experiment?id=202210140338	0.9574696711	0.2307121199	38.87	0.39	0.4	0.65	0.44	0	2022-10-14 01:26:26	1.2.7
QALD9PlusTrain-MT	de	['flair_ner', 'mgenre_el', 'mbart_mt']	QALD9PlusTrain-MT_de-en_gold_file	pred_results/QALD9PlusTrain-MT_de-flair_ner-mgenre_el-mbart_mt	50cb3c4653064e9cb704f90403deec4fQALD9PlusTrain-MT_de-en_gold_file.txt	6d516b6d6e0a417da2d42bdb6b4792bbQALD9PlusTrain-MT_de-flair_ner-mgenre_el-mbart_mt.txt	https://beng.dice-research.org/gerbil/experiment?id=202210140339	0.9504789206	0.123211625	35.96	0.36	0.38	0.65	0.45	0	2022-10-14 01:26:36	1.2.7
QALD9PlusTrain-MT	de	['davlan_ner', 'mag_el', 'libre_mt']	QALD9PlusTrain-MT_de-en_gold_file	pred_results/QALD9PlusTrain-MT_de-davlan_ner-mag_el-libre_mt	50cb3c4653064e9cb704f90403deec4fQALD9PlusTrain-MT_de-en_gold_file.txt	740fd0bef3854f78b7b4e8faa8dadc89QALD9PlusTrain-MT_de-davlan_ner-mag_el-libre_mt.txt	https://beng.dice-research.org/gerbil/experiment?id=202210140340	0.9136274647	-0.1774266523	20.69	0.21	0.35	0.51	0.62	0	2022-10-14 01:26:46	1.2.7
QALD9PlusTrain-MT	de	['davlan_ner', 'mag_el', 'opus_mt']	QALD9PlusTrain-MT_de-en_gold_file	pred_results/QALD9PlusTrain-MT_de-davlan_ner-mag_el-opus_mt	50cb3c4653064e9cb704f90403deec4fQALD9PlusTrain-MT_de-en_gold_file.txt	3e585cce43db42b08ffc9437da39eb7fQALD9PlusTrain-MT_de-davlan_ner-mag_el-opus_mt.txt	https://beng.dice-research.org/gerbil/experiment?id=202210140341	0.9473598712	0.06439524085	37.03	0.37	0.38	0.65	0.46	0	2022-10-14 01:26:56	1.2.7
QALD9PlusTrain-MT	de	['davlan_ner', 'mag_el', 'nllb_mt']	QALD9PlusTrain-MT_de-en_gold_file	pred_results/QALD9PlusTrain-MT_de-davlan_ner-mag_el-nllb_mt	50cb3c4653064e9cb704f90403deec4fQALD9PlusTrain-MT_de-en_gold_file.txt	c314e67f1175400593e658f314ead741QALD9PlusTrain-MT_de-davlan_ner-mag_el-nllb_mt.txt	https://beng.dice-research.org/gerbil/experiment?id=202210140342	0.9540494559	0.1616014198	38.47	0.39	0.4	0.65	0.45	0	2022-10-14 01:27:06	1.2.7
QALD9PlusTrain-MT	de	['davlan_ner', 'mag_el', 'mbart_mt']	QALD9PlusTrain-MT_de-en_gold_file	pred_results/QALD9PlusTrain-MT_de-davlan_ner-mag_el-mbart_mt	50cb3c4653064e9cb704f90403deec4fQALD9PlusTrain-MT_de-en_gold_file.txt	473fb275beeb481da4149eceb5e465faQALD9PlusTrain-MT_de-davlan_ner-mag_el-mbart_mt.txt	https://beng.dice-research.org/gerbil/experiment?id=202210140343	0.9467964039	0.04885440015	35.33	0.35	0.38	0.64	0.47	0	2022-10-14 01:27:16	1.2.7
QALD9PlusTrain-MT	de	['davlan_ner', 'mgenre_el', 'libre_mt']	QALD9PlusTrain-MT_de-en_gold_file	pred_results/QALD9PlusTrain-MT_de-davlan_ner-mgenre_el-libre_mt	50cb3c4653064e9cb704f90403deec4fQALD9PlusTrain-MT_de-en_gold_file.txt	3d2da0f4bc3b45db9cd2121ee323bd0aQALD9PlusTrain-MT_de-davlan_ner-mgenre_el-libre_mt.txt	https://beng.dice-research.org/gerbil/experiment?id=202210140344	0.9158913021	-0.103390799	20.73	0.21	0.35	0.51	0.61	0	2022-10-14 01:27:26	1.2.7
QALD9PlusTrain-MT	de	['davlan_ner', 'mgenre_el', 'opus_mt']	QALD9PlusTrain-MT_de-en_gold_file	pred_results/QALD9PlusTrain-MT_de-davlan_ner-mgenre_el-opus_mt	50cb3c4653064e9cb704f90403deec4fQALD9PlusTrain-MT_de-en_gold_file.txt	359915be8ce04578991e226a00b579a9QALD9PlusTrain-MT_de-davlan_ner-mgenre_el-opus_mt.txt	https://beng.dice-research.org/gerbil/experiment?id=202210140345	0.951773255	0.1578995928	38.17	0.38	0.39	0.66	0.44	0	2022-10-14 01:27:36	1.2.7
QALD9PlusTrain-MT	de	['davlan_ner', 'mgenre_el', 'nllb_mt']	QALD9PlusTrain-MT_de-en_gold_file	pred_results/QALD9PlusTrain-MT_de-davlan_ner-mgenre_el-nllb_mt	50cb3c4653064e9cb704f90403deec4fQALD9PlusTrain-MT_de-en_gold_file.txt	bd294a2580b742d4b62dede76ac480e6QALD9PlusTrain-MT_de-davlan_ner-mgenre_el-nllb_mt.txt	https://beng.dice-research.org/gerbil/experiment?id=202210140346	0.9572989545	0.2307116068	38.83	0.39	0.4	0.65	0.44	0	2022-10-14 01:27:47	1.2.7
QALD9PlusTrain-MT	de	['davlan_ner', 'mgenre_el', 'mbart_mt']	QALD9PlusTrain-MT_de-en_gold_file	pred_results/QALD9PlusTrain-MT_de-davlan_ner-mgenre_el-mbart_mt	50cb3c4653064e9cb704f90403deec4fQALD9PlusTrain-MT_de-en_gold_file.txt	16ca10cc38f04883a6e79b2ed5b0c4d5QALD9PlusTrain-MT_de-davlan_ner-mgenre_el-mbart_mt.txt	https://beng.dice-research.org/gerbil/experiment?id=202210140347	0.9506807479	0.1259620976	36.48	0.37	0.38	0.65	0.45	0	2022-10-14 01:27:57	1.2.7
QALD9PlusTrain-MT	de	['spacy_ner', 'mag_el', 'libre_mt']	QALD9PlusTrain-MT_de-en_gold_file	pred_results/QALD9PlusTrain-MT_de-spacy_ner-mag_el-libre_mt	50cb3c4653064e9cb704f90403deec4fQALD9PlusTrain-MT_de-en_gold_file.txt	0abfca68b0d643968137fc998c27df5cQALD9PlusTrain-MT_de-spacy_ner-mag_el-libre_mt.txt	https://beng.dice-research.org/gerbil/experiment?id=202210140348	0.9124352187	-0.2325267635	20.09	0.2	0.34	0.5	0.62	0	2022-10-14 01:28:07	1.2.7
QALD9PlusTrain-MT	de	['spacy_ner', 'mag_el', 'opus_mt']	QALD9PlusTrain-MT_de-en_gold_file	pred_results/QALD9PlusTrain-MT_de-spacy_ner-mag_el-opus_mt	50cb3c4653064e9cb704f90403deec4fQALD9PlusTrain-MT_de-en_gold_file.txt	7aabe6b702954a138712fe45db9b4ae2QALD9PlusTrain-MT_de-spacy_ner-mag_el-opus_mt.txt	https://beng.dice-research.org/gerbil/experiment?id=202210140349	0.9469501492	0.04064849536	37.36	0.37	0.38	0.65	0.45	0	2022-10-14 01:28:17	1.2.7
QALD9PlusTrain-MT	de	['spacy_ner', 'mag_el', 'nllb_mt']	QALD9PlusTrain-MT_de-en_gold_file	pred_results/QALD9PlusTrain-MT_de-spacy_ner-mag_el-nllb_mt	50cb3c4653064e9cb704f90403deec4fQALD9PlusTrain-MT_de-en_gold_file.txt	0511e52723114db6a35fdeba4b19ec18QALD9PlusTrain-MT_de-spacy_ner-mag_el-nllb_mt.txt	https://beng.dice-research.org/gerbil/experiment?id=202210140350	0.9536177265	0.1357632381	38.16	0.38	0.4	0.65	0.44	0	2022-10-14 01:28:27	1.2.7
QALD9PlusTrain-MT	de	['spacy_ner', 'mag_el', 'mbart_mt']	QALD9PlusTrain-MT_de-en_gold_file	pred_results/QALD9PlusTrain-MT_de-spacy_ner-mag_el-mbart_mt	50cb3c4653064e9cb704f90403deec4fQALD9PlusTrain-MT_de-en_gold_file.txt	eeb81ac2b8de4a7f8d846b0abad62eb5QALD9PlusTrain-MT_de-spacy_ner-mag_el-mbart_mt.txt	https://beng.dice-research.org/gerbil/experiment?id=202210140351	0.9465038248	0.02811888264	35.98	0.36	0.38	0.64	0.46	0	2022-10-14 01:28:37	1.2.7
QALD9PlusTrain-MT	de	['spacy_ner', 'mgenre_el', 'libre_mt']	QALD9PlusTrain-MT_de-en_gold_file	pred_results/QALD9PlusTrain-MT_de-spacy_ner-mgenre_el-libre_mt	50cb3c4653064e9cb704f90403deec4fQALD9PlusTrain-MT_de-en_gold_file.txt	f826ef2c93a94bdd988a2106b223c73aQALD9PlusTrain-MT_de-spacy_ner-mgenre_el-libre_mt.txt	https://beng.dice-research.org/gerbil/experiment?id=202210140352	0.9140994169	-0.1665516419	20.05	0.2	0.34	0.5	0.62	0	2022-10-14 01:28:47	1.2.7
QALD9PlusTrain-MT	de	['spacy_ner', 'mgenre_el', 'opus_mt']	QALD9PlusTrain-MT_de-en_gold_file	pred_results/QALD9PlusTrain-MT_de-spacy_ner-mgenre_el-opus_mt	50cb3c4653064e9cb704f90403deec4fQALD9PlusTrain-MT_de-en_gold_file.txt	835b208c0b4f4112808315fb67580ed9QALD9PlusTrain-MT_de-spacy_ner-mgenre_el-opus_mt.txt	https://beng.dice-research.org/gerbil/experiment?id=202210140353	0.9500899549	0.1238552308	37.2	0.37	0.39	0.65	0.45	0	2022-10-14 01:28:57	1.2.7
QALD9PlusTrain-MT	de	['spacy_ner', 'mgenre_el', 'nllb_mt']	QALD9PlusTrain-MT_de-en_gold_file	pred_results/QALD9PlusTrain-MT_de-spacy_ner-mgenre_el-nllb_mt	50cb3c4653064e9cb704f90403deec4fQALD9PlusTrain-MT_de-en_gold_file.txt	6d1dd394f67744ffb98465cc2cdfedbcQALD9PlusTrain-MT_de-spacy_ner-mgenre_el-nllb_mt.txt	https://beng.dice-research.org/gerbil/experiment?id=202210140354	0.9561431088	0.2029387525	38.46	0.39	0.39	0.65	0.44	0	2022-10-14 01:29:07	1.2.7
QALD9PlusTrain-MT	de	['spacy_ner', 'mgenre_el', 'mbart_mt']	QALD9PlusTrain-MT_de-en_gold_file	pred_results/QALD9PlusTrain-MT_de-spacy_ner-mgenre_el-mbart_mt	50cb3c4653064e9cb704f90403deec4fQALD9PlusTrain-MT_de-en_gold_file.txt	75980450b58c4702bef9ed5cacb6c294QALD9PlusTrain-MT_de-spacy_ner-mgenre_el-mbart_mt.txt	https://beng.dice-research.org/gerbil/experiment?id=202210140355	0.9486443165	0.09372406511	34.97	0.35	0.38	0.64	0.46	0	2022-10-14 01:29:17	1.2.7
QALD9PlusTrain-MT	de	['no_ner', 'no_el', 'libre_mt']	QALD9PlusTrain-MT_de-en_gold_file	pred_results/QALD9PlusTrain-MT_de-no_ner-no_el-libre_mt	50cb3c4653064e9cb704f90403deec4fQALD9PlusTrain-MT_de-en_gold_file.txt	1b42e8f988a84648b923986e28d9d514QALD9PlusTrain-MT_de-no_ner-no_el-libre_mt.txt	https://beng.dice-research.org/gerbil/experiment?id=202210140356	0.91818339	-0.1124122084	21.21	0.21	0.35	0.52	0.59	0	2022-10-14 01:29:28	1.2.7
QALD9PlusTrain-MT	de	['no_ner', 'no_el', 'opus_mt']	QALD9PlusTrain-MT_de-en_gold_file	pred_results/QALD9PlusTrain-MT_de-no_ner-no_el-opus_mt	50cb3c4653064e9cb704f90403deec4fQALD9PlusTrain-MT_de-en_gold_file.txt	e6505babc30d454b8086ce6695567e57QALD9PlusTrain-MT_de-no_ner-no_el-opus_mt.txt	https://beng.dice-research.org/gerbil/experiment?id=202210140357	0.9547003852	0.2077932024	39.66	0.4	0.4	0.67	0.41	0	2022-10-14 01:29:38	1.2.7
QALD9PlusTrain-MT	de	['no_ner', 'no_el', 'nllb_mt']	QALD9PlusTrain-MT_de-en_gold_file	pred_results/QALD9PlusTrain-MT_de-no_ner-no_el-nllb_mt	50cb3c4653064e9cb704f90403deec4fQALD9PlusTrain-MT_de-en_gold_file.txt	59cc19377f304448991c767cc2736d50QALD9PlusTrain-MT_de-no_ner-no_el-nllb_mt.txt	https://beng.dice-research.org/gerbil/experiment?id=202210140358	0.9601037222	0.2770894145	40.78	0.41	0.41	0.67	0.41	0	2022-10-14 01:29:48	1.2.7
QALD9PlusTrain-MT	de	['no_ner', 'no_el', 'mbart_mt']	QALD9PlusTrain-MT_de-en_gold_file	pred_results/QALD9PlusTrain-MT_de-no_ner-no_el-mbart_mt	50cb3c4653064e9cb704f90403deec4fQALD9PlusTrain-MT_de-en_gold_file.txt	73cd6d97a2f64062a175fb73f11ec51bQALD9PlusTrain-MT_de-no_ner-no_el-mbart_mt.txt	https://beng.dice-research.org/gerbil/experiment?id=202210140359	0.9533633892	0.1720893178	37.18	0.37	0.39	0.66	0.43	0	2022-10-14 01:29:58	1.2.7
QALD9PlusTrain-MT	ru	['babelscape_ner', 'mgenre_el', 'libre_mt']	QALD9PlusTrain-MT_ru-en_gold_file	pred_results/QALD9PlusTrain-MT_ru-babelscape_ner-mgenre_el-libre_mt	854504ac56eb4163bf6afd646f5d3b7bQALD9PlusTrain-MT_ru-en_gold_file.txt	07669bc6cc8e4d518af7ad45486fd96aQALD9PlusTrain-MT_ru-babelscape_ner-mgenre_el-libre_mt.txt	https://beng.dice-research.org/gerbil/experiment?id=202210140360	0.9091429138	-0.5780868415	16.04	0.16	0.26	0.45	0.72	0	2022-10-14 01:30:08	1.2.7
QALD9PlusTrain-MT	ru	['babelscape_ner', 'mgenre_el', 'opus_mt']	QALD9PlusTrain-MT_ru-en_gold_file	pred_results/QALD9PlusTrain-MT_ru-babelscape_ner-mgenre_el-opus_mt	854504ac56eb4163bf6afd646f5d3b7bQALD9PlusTrain-MT_ru-en_gold_file.txt	f8e7fcf8385f4612b3df5ad19d6bd47bQALD9PlusTrain-MT_ru-babelscape_ner-mgenre_el-opus_mt.txt	https://beng.dice-research.org/gerbil/experiment?id=202210140361	0.9420279909	-0.03171474472	26.42	0.27	0.33	0.57	0.56	0	2022-10-14 01:30:18	1.2.7
QALD9PlusTrain-MT	ru	['babelscape_ner', 'mgenre_el', 'nllb_mt']	QALD9PlusTrain-MT_ru-en_gold_file	pred_results/QALD9PlusTrain-MT_ru-babelscape_ner-mgenre_el-nllb_mt	854504ac56eb4163bf6afd646f5d3b7bQALD9PlusTrain-MT_ru-en_gold_file.txt	c62bb75d3fba4dd99a88f224828bb413QALD9PlusTrain-MT_ru-babelscape_ner-mgenre_el-nllb_mt.txt	https://beng.dice-research.org/gerbil/experiment?id=202210140362	0.9554917801	0.1418856509	34.05	0.34	0.37	0.61	0.49	0	2022-10-14 01:30:28	1.2.7
QALD9PlusTrain-MT	ru	['babelscape_ner', 'mgenre_el', 'mbart_mt']	QALD9PlusTrain-MT_ru-en_gold_file	pred_results/QALD9PlusTrain-MT_ru-babelscape_ner-mgenre_el-mbart_mt	854504ac56eb4163bf6afd646f5d3b7bQALD9PlusTrain-MT_ru-en_gold_file.txt	c7d5097cfe104cbf907d529771f1be52QALD9PlusTrain-MT_ru-babelscape_ner-mgenre_el-mbart_mt.txt	https://beng.dice-research.org/gerbil/experiment?id=202210140363	0.9442440938	-0.03124225621	28.64	0.29	0.34	0.58	0.55	0	2022-10-14 01:30:38	1.2.7
QALD9PlusTrain-MT	ru	['spacy_ner', 'mgenre_el', 'libre_mt']	QALD9PlusTrain-MT_ru-en_gold_file	pred_results/QALD9PlusTrain-MT_ru-spacy_ner-mgenre_el-libre_mt	854504ac56eb4163bf6afd646f5d3b7bQALD9PlusTrain-MT_ru-en_gold_file.txt	159accbde02a4a4db3cbd4e7fedaca23QALD9PlusTrain-MT_ru-spacy_ner-mgenre_el-libre_mt.txt	https://beng.dice-research.org/gerbil/experiment?id=202210140364	0.9150337819	-0.4939184471	15.56	0.16	0.26	0.46	0.69	0	2022-10-14 01:30:48	1.2.7
QALD9PlusTrain-MT	ru	['spacy_ner', 'mgenre_el', 'opus_mt']	QALD9PlusTrain-MT_ru-en_gold_file	pred_results/QALD9PlusTrain-MT_ru-spacy_ner-mgenre_el-opus_mt	854504ac56eb4163bf6afd646f5d3b7bQALD9PlusTrain-MT_ru-en_gold_file.txt	ecfde97a51064a78976947437a206622QALD9PlusTrain-MT_ru-spacy_ner-mgenre_el-opus_mt.txt	https://beng.dice-research.org/gerbil/experiment?id=202210140365	0.9442753763	-0.002101936524	26.97	0.27	0.34	0.57	0.54	0	2022-10-14 01:30:58	1.2.7
QALD9PlusTrain-MT	ru	['spacy_ner', 'mgenre_el', 'nllb_mt']	QALD9PlusTrain-MT_ru-en_gold_file	pred_results/QALD9PlusTrain-MT_ru-spacy_ner-mgenre_el-nllb_mt	854504ac56eb4163bf6afd646f5d3b7bQALD9PlusTrain-MT_ru-en_gold_file.txt	5afbd8e8174c40adb9d6456091db3d86QALD9PlusTrain-MT_ru-spacy_ner-mgenre_el-nllb_mt.txt	https://beng.dice-research.org/gerbil/experiment?id=202210140366	0.9561114649	0.1483468998	33.74	0.34	0.37	0.61	0.48	0	2022-10-14 01:31:09	1.2.7
QALD9PlusTrain-MT	ru	['spacy_ner', 'mgenre_el', 'mbart_mt']	QALD9PlusTrain-MT_ru-en_gold_file	pred_results/QALD9PlusTrain-MT_ru-spacy_ner-mgenre_el-mbart_mt	854504ac56eb4163bf6afd646f5d3b7bQALD9PlusTrain-MT_ru-en_gold_file.txt	68bf5361ed7a43c8829e36f07c22d400QALD9PlusTrain-MT_ru-spacy_ner-mgenre_el-mbart_mt.txt	https://beng.dice-research.org/gerbil/experiment?id=202210140367	0.8750289489	-0.1806318348	25.38	0.25	0.31	0.54	0.57	0	2022-10-14 01:31:19	1.2.7
QALD9PlusTrain-MT	ru	['no_ner', 'no_el', 'libre_mt']	QALD9PlusTrain-MT_ru-en_gold_file	pred_results/QALD9PlusTrain-MT_ru-no_ner-no_el-libre_mt	854504ac56eb4163bf6afd646f5d3b7bQALD9PlusTrain-MT_ru-en_gold_file.txt	9605cdc0cd3b4f00970b90865c0f0d39QALD9PlusTrain-MT_ru-no_ner-no_el-libre_mt.txt	https://beng.dice-research.org/gerbil/experiment?id=202210140368	0.9281945712	-0.2911336027	19.86	0.2	0.29	0.51	0.62	0	2022-10-14 01:31:29	1.2.7
QALD9PlusTrain-MT	ru	['no_ner', 'no_el', 'opus_mt']	QALD9PlusTrain-MT_ru-en_gold_file	pred_results/QALD9PlusTrain-MT_ru-no_ner-no_el-opus_mt	854504ac56eb4163bf6afd646f5d3b7bQALD9PlusTrain-MT_ru-en_gold_file.txt	243f68c428c7449fbd82e8d6acbf7155QALD9PlusTrain-MT_ru-no_ner-no_el-opus_mt.txt	https://beng.dice-research.org/gerbil/experiment?id=202210140369	0.9454324355	0.02196710938	27.91	0.28	0.34	0.57	0.53	0	2022-10-14 01:31:39	1.2.7
QALD9PlusTrain-MT	ru	['no_ner', 'no_el', 'nllb_mt']	QALD9PlusTrain-MT_ru-en_gold_file	pred_results/QALD9PlusTrain-MT_ru-no_ner-no_el-nllb_mt	854504ac56eb4163bf6afd646f5d3b7bQALD9PlusTrain-MT_ru-en_gold_file.txt	1d507c84a2f64ebe97c2832f9bc43e30QALD9PlusTrain-MT_ru-no_ner-no_el-nllb_mt.txt	https://beng.dice-research.org/gerbil/experiment?id=202210140370	0.9565884984	0.1592356487	35.07	0.35	0.37	0.62	0.47	0	2022-10-14 01:31:49	1.2.7
QALD9PlusTrain-MT	ru	['no_ner', 'no_el', 'mbart_mt']	QALD9PlusTrain-MT_ru-en_gold_file	pred_results/QALD9PlusTrain-MT_ru-no_ner-no_el-mbart_mt	854504ac56eb4163bf6afd646f5d3b7bQALD9PlusTrain-MT_ru-en_gold_file.txt	7ecdcb8a665e465e833ea86f490c75c8QALD9PlusTrain-MT_ru-no_ner-no_el-mbart_mt.txt	https://beng.dice-research.org/gerbil/experiment?id=202210140371	0.9452720507	-0.02581822598	28.73	0.29	0.34	0.58	0.54	0	2022-10-14 01:31:59	1.2.7
QALD9PlusTrain-MT	fr	['babelscape_ner', 'mag_el', 'libre_mt']	QALD9PlusTrain-MT_fr-en_gold_file	pred_results/QALD9PlusTrain-MT_fr-babelscape_ner-mag_el-libre_mt	71ee876d2f2f4b2184ffd95fd37ccfb6QALD9PlusTrain-MT_fr-en_gold_file.txt	c6faf496e3b649ea8582f28df3e09226QALD9PlusTrain-MT_fr-babelscape_ner-mag_el-libre_mt.txt	https://beng.dice-research.org/gerbil/experiment?id=202210140372	0.926236742	-0.03082288072	29.56	0.29	0.39	0.58	0.55	0	2022-10-14 01:32:09	1.2.7
QALD9PlusTrain-MT	fr	['babelscape_ner', 'mag_el', 'opus_mt']	QALD9PlusTrain-MT_fr-en_gold_file	pred_results/QALD9PlusTrain-MT_fr-babelscape_ner-mag_el-opus_mt	71ee876d2f2f4b2184ffd95fd37ccfb6QALD9PlusTrain-MT_fr-en_gold_file.txt	43e27a723d894e81a894a13a8380d9b0QALD9PlusTrain-MT_fr-babelscape_ner-mag_el-opus_mt.txt	https://beng.dice-research.org/gerbil/experiment?id=202210140373	0.9584512478	0.2085590587	40.85	0.41	0.42	0.69	0.41	0	2022-10-14 01:32:19	1.2.7
QALD9PlusTrain-MT	fr	['babelscape_ner', 'mag_el', 'nllb_mt']	QALD9PlusTrain-MT_fr-en_gold_file	pred_results/QALD9PlusTrain-MT_fr-babelscape_ner-mag_el-nllb_mt	71ee876d2f2f4b2184ffd95fd37ccfb6QALD9PlusTrain-MT_fr-en_gold_file.txt	4af4409c68434c98a91b34a2a8a85f42QALD9PlusTrain-MT_fr-babelscape_ner-mag_el-nllb_mt.txt	https://beng.dice-research.org/gerbil/experiment?id=202210140374	0.9667984558	0.344104606	45.16	0.45	0.44	0.7	0.38	0	2022-10-14 01:32:29	1.2.7
QALD9PlusTrain-MT	fr	['babelscape_ner', 'mag_el', 'mbart_mt']	QALD9PlusTrain-MT_fr-en_gold_file	pred_results/QALD9PlusTrain-MT_fr-babelscape_ner-mag_el-mbart_mt	71ee876d2f2f4b2184ffd95fd37ccfb6QALD9PlusTrain-MT_fr-en_gold_file.txt	f0ae68606bb54c6bb68359526601ef66QALD9PlusTrain-MT_fr-babelscape_ner-mag_el-mbart_mt.txt	https://beng.dice-research.org/gerbil/experiment?id=202210140375	0.958104057	0.2088450099	40.3	0.4	0.41	0.68	0.42	0	2022-10-14 01:32:39	1.2.7
QALD9PlusTrain-MT	fr	['babelscape_ner', 'mgenre_el', 'libre_mt']	QALD9PlusTrain-MT_fr-en_gold_file	pred_results/QALD9PlusTrain-MT_fr-babelscape_ner-mgenre_el-libre_mt	71ee876d2f2f4b2184ffd95fd37ccfb6QALD9PlusTrain-MT_fr-en_gold_file.txt	c1e89478ad984ac9ab3190b97569c9feQALD9PlusTrain-MT_fr-babelscape_ner-mgenre_el-libre_mt.txt	https://beng.dice-research.org/gerbil/experiment?id=202210140376	0.9292621654	0.04497091052	30.77	0.31	0.39	0.59	0.53	0	2022-10-14 01:32:49	1.2.7
QALD9PlusTrain-MT	fr	['babelscape_ner', 'mgenre_el', 'opus_mt']	QALD9PlusTrain-MT_fr-en_gold_file	pred_results/QALD9PlusTrain-MT_fr-babelscape_ner-mgenre_el-opus_mt	71ee876d2f2f4b2184ffd95fd37ccfb6QALD9PlusTrain-MT_fr-en_gold_file.txt	3177db327a2146698a052ab1cb389e13QALD9PlusTrain-MT_fr-babelscape_ner-mgenre_el-opus_mt.txt	https://beng.dice-research.org/gerbil/experiment?id=202210140377	0.9622238775	0.2857210997	41.81	0.42	0.43	0.7	0.39	0	2022-10-14 01:32:59	1.2.7
QALD9PlusTrain-MT	fr	['babelscape_ner', 'mgenre_el', 'nllb_mt']	QALD9PlusTrain-MT_fr-en_gold_file	pred_results/QALD9PlusTrain-MT_fr-babelscape_ner-mgenre_el-nllb_mt	71ee876d2f2f4b2184ffd95fd37ccfb6QALD9PlusTrain-MT_fr-en_gold_file.txt	ee029d36b4cc429cab70c3b1e8822b01QALD9PlusTrain-MT_fr-babelscape_ner-mgenre_el-nllb_mt.txt	https://beng.dice-research.org/gerbil/experiment?id=202210140378	0.9708700208	0.4304841432	47.22	0.47	0.45	0.71	0.35	0	2022-10-14 01:33:09	1.2.7
QALD9PlusTrain-MT	fr	['babelscape_ner', 'mgenre_el', 'mbart_mt']	QALD9PlusTrain-MT_fr-en_gold_file	pred_results/QALD9PlusTrain-MT_fr-babelscape_ner-mgenre_el-mbart_mt	71ee876d2f2f4b2184ffd95fd37ccfb6QALD9PlusTrain-MT_fr-en_gold_file.txt	70fde5674fcb49699b66e097e62d5cdfQALD9PlusTrain-MT_fr-babelscape_ner-mgenre_el-mbart_mt.txt	https://beng.dice-research.org/gerbil/experiment?id=202210140379	0.9625744668	0.293357694	42.48	0.42	0.42	0.69	0.39	0	2022-10-14 01:33:19	1.2.7
QALD9PlusTrain-MT	fr	['davlan_ner', 'mag_el', 'libre_mt']	QALD9PlusTrain-MT_fr-en_gold_file	pred_results/QALD9PlusTrain-MT_fr-davlan_ner-mag_el-libre_mt	71ee876d2f2f4b2184ffd95fd37ccfb6QALD9PlusTrain-MT_fr-en_gold_file.txt	aac8618fb16a4f2ca004dc686f952a86QALD9PlusTrain-MT_fr-davlan_ner-mag_el-libre_mt.txt	https://beng.dice-research.org/gerbil/experiment?id=202210140380	0.9280755244	0.007240093568	30.45	0.3	0.39	0.59	0.54	0	2022-10-14 01:33:30	1.2.7
QALD9PlusTrain-MT	fr	['davlan_ner', 'mag_el', 'opus_mt']	QALD9PlusTrain-MT_fr-en_gold_file	pred_results/QALD9PlusTrain-MT_fr-davlan_ner-mag_el-opus_mt	71ee876d2f2f4b2184ffd95fd37ccfb6QALD9PlusTrain-MT_fr-en_gold_file.txt	bdb554b6a9234be6ae8787348788991fQALD9PlusTrain-MT_fr-davlan_ner-mag_el-opus_mt.txt	https://beng.dice-research.org/gerbil/experiment?id=202210140381	0.959494492	0.2335802153	41.37	0.41	0.42	0.69	0.4	0	2022-10-14 01:33:40	1.2.7
QALD9PlusTrain-MT	fr	['davlan_ner', 'mag_el', 'nllb_mt']	QALD9PlusTrain-MT_fr-en_gold_file	pred_results/QALD9PlusTrain-MT_fr-davlan_ner-mag_el-nllb_mt	71ee876d2f2f4b2184ffd95fd37ccfb6QALD9PlusTrain-MT_fr-en_gold_file.txt	8b12394f96f84ef9aa4e89f18192c200QALD9PlusTrain-MT_fr-davlan_ner-mag_el-nllb_mt.txt	https://beng.dice-research.org/gerbil/experiment?id=202210140382	0.9644262312	0.3616698905	45.81	0.46	0.44	0.7	0.37	0	2022-10-14 01:33:50	1.2.7
QALD9PlusTrain-MT	fr	['davlan_ner', 'mag_el', 'mbart_mt']	QALD9PlusTrain-MT_fr-en_gold_file	pred_results/QALD9PlusTrain-MT_fr-davlan_ner-mag_el-mbart_mt	71ee876d2f2f4b2184ffd95fd37ccfb6QALD9PlusTrain-MT_fr-en_gold_file.txt	08c511f2e1ac40ff850f3cdd35787e94QALD9PlusTrain-MT_fr-davlan_ner-mag_el-mbart_mt.txt	https://beng.dice-research.org/gerbil/experiment?id=202210140383	0.9596041825	0.2391622343	41.02	0.41	0.42	0.68	0.41	0	2022-10-14 01:34:00	1.2.7
QALD9PlusTrain-MT	fr	['davlan_ner', 'mgenre_el', 'libre_mt']	QALD9PlusTrain-MT_fr-en_gold_file	pred_results/QALD9PlusTrain-MT_fr-davlan_ner-mgenre_el-libre_mt	71ee876d2f2f4b2184ffd95fd37ccfb6QALD9PlusTrain-MT_fr-en_gold_file.txt	365bd8ce540543dfaaba61b498540282QALD9PlusTrain-MT_fr-davlan_ner-mgenre_el-libre_mt.txt	https://beng.dice-research.org/gerbil/experiment?id=202210140384	0.931096265	0.06919477752	31.54	0.31	0.4	0.6	0.53	0	2022-10-14 01:34:10	1.2.7
QALD9PlusTrain-MT	fr	['davlan_ner', 'mgenre_el', 'opus_mt']	QALD9PlusTrain-MT_fr-en_gold_file	pred_results/QALD9PlusTrain-MT_fr-davlan_ner-mgenre_el-opus_mt	71ee876d2f2f4b2184ffd95fd37ccfb6QALD9PlusTrain-MT_fr-en_gold_file.txt	d0bfec4585d44f798608220e981e00b6QALD9PlusTrain-MT_fr-davlan_ner-mgenre_el-opus_mt.txt	https://beng.dice-research.org/gerbil/experiment?id=202210140385	0.9630820839	0.297551569	42.75	0.43	0.43	0.7	0.38	0	2022-10-14 01:34:20	1.2.7
QALD9PlusTrain-MT	fr	['davlan_ner', 'mgenre_el', 'nllb_mt']	QALD9PlusTrain-MT_fr-en_gold_file	pred_results/QALD9PlusTrain-MT_fr-davlan_ner-mgenre_el-nllb_mt	71ee876d2f2f4b2184ffd95fd37ccfb6QALD9PlusTrain-MT_fr-en_gold_file.txt	99578f64918240a39a10e5e298c5a97fQALD9PlusTrain-MT_fr-davlan_ner-mgenre_el-nllb_mt.txt	https://beng.dice-research.org/gerbil/experiment?id=202210140386	0.9717283923	0.4357181104	47.71	0.48	0.45	0.71	0.35	0	2022-10-14 01:34:30	1.2.7
QALD9PlusTrain-MT	fr	['davlan_ner', 'mgenre_el', 'mbart_mt']	QALD9PlusTrain-MT_fr-en_gold_file	pred_results/QALD9PlusTrain-MT_fr-davlan_ner-mgenre_el-mbart_mt	71ee876d2f2f4b2184ffd95fd37ccfb6QALD9PlusTrain-MT_fr-en_gold_file.txt	6f416c5ffd684cf9ac6071226658e469QALD9PlusTrain-MT_fr-davlan_ner-mgenre_el-mbart_mt.txt	https://beng.dice-research.org/gerbil/experiment?id=202210140387	0.9633272909	0.2999470245	43.39	0.43	0.43	0.7	0.39	0	2022-10-14 01:34:40	1.2.7
QALD9PlusTrain-MT	fr	['spacy_ner', 'mag_el', 'libre_mt']	QALD9PlusTrain-MT_fr-en_gold_file	pred_results/QALD9PlusTrain-MT_fr-spacy_ner-mag_el-libre_mt	71ee876d2f2f4b2184ffd95fd37ccfb6QALD9PlusTrain-MT_fr-en_gold_file.txt	0a86c8556e9543fc8761acfa53c08d26QALD9PlusTrain-MT_fr-spacy_ner-mag_el-libre_mt.txt	https://beng.dice-research.org/gerbil/experiment?id=202210140388	0.9284872802	0.002554717686	30.03	0.3	0.39	0.59	0.55	0	2022-10-14 01:34:50	1.2.7
QALD9PlusTrain-MT	fr	['spacy_ner', 'mag_el', 'opus_mt']	QALD9PlusTrain-MT_fr-en_gold_file	pred_results/QALD9PlusTrain-MT_fr-spacy_ner-mag_el-opus_mt	71ee876d2f2f4b2184ffd95fd37ccfb6QALD9PlusTrain-MT_fr-en_gold_file.txt	17d6c4091a3e4775b8b3440532cf7315QALD9PlusTrain-MT_fr-spacy_ner-mag_el-opus_mt.txt	https://beng.dice-research.org/gerbil/experiment?id=202210140389	0.9600940361	0.2336847991	40.25	0.4	0.42	0.69	0.4	0	2022-10-14 01:35:01	1.2.7
QALD9PlusTrain-MT	fr	['spacy_ner', 'mag_el', 'nllb_mt']	QALD9PlusTrain-MT_fr-en_gold_file	pred_results/QALD9PlusTrain-MT_fr-spacy_ner-mag_el-nllb_mt	71ee876d2f2f4b2184ffd95fd37ccfb6QALD9PlusTrain-MT_fr-en_gold_file.txt	6a49887e8a45456f9ac15ad58dac8010QALD9PlusTrain-MT_fr-spacy_ner-mag_el-nllb_mt.txt	https://beng.dice-research.org/gerbil/experiment?id=202210140390	0.9684521784	0.3708651397	45.61	0.46	0.44	0.7	0.37	0	2022-10-14 01:35:11	1.2.7
QALD9PlusTrain-MT	fr	['spacy_ner', 'mag_el', 'mbart_mt']	QALD9PlusTrain-MT_fr-en_gold_file	pred_results/QALD9PlusTrain-MT_fr-spacy_ner-mag_el-mbart_mt	71ee876d2f2f4b2184ffd95fd37ccfb6QALD9PlusTrain-MT_fr-en_gold_file.txt	10e1e04962b64454aa2bbf89d41f7361QALD9PlusTrain-MT_fr-spacy_ner-mag_el-mbart_mt.txt	https://beng.dice-research.org/gerbil/experiment?id=202210140391	0.9589028952	0.2106553886	40.16	0.4	0.42	0.68	0.42	0	2022-10-14 01:35:21	1.2.7
QALD9PlusTrain-MT	fr	['spacy_ner', 'mgenre_el', 'libre_mt']	QALD9PlusTrain-MT_fr-en_gold_file	pred_results/QALD9PlusTrain-MT_fr-spacy_ner-mgenre_el-libre_mt	71ee876d2f2f4b2184ffd95fd37ccfb6QALD9PlusTrain-MT_fr-en_gold_file.txt	1e6cd1f58b4548acbd7ee5038a15349fQALD9PlusTrain-MT_fr-spacy_ner-mgenre_el-libre_mt.txt	https://beng.dice-research.org/gerbil/experiment?id=202210140392	0.9297439108	0.06383547026	29.85	0.29	0.39	0.59	0.54	0	2022-10-14 01:35:31	1.2.7
QALD9PlusTrain-MT	fr	['spacy_ner', 'mgenre_el', 'opus_mt']	QALD9PlusTrain-MT_fr-en_gold_file	pred_results/QALD9PlusTrain-MT_fr-spacy_ner-mgenre_el-opus_mt	71ee876d2f2f4b2184ffd95fd37ccfb6QALD9PlusTrain-MT_fr-en_gold_file.txt	a704afb3b4324ec38bcc79decb774e1eQALD9PlusTrain-MT_fr-spacy_ner-mgenre_el-opus_mt.txt	https://beng.dice-research.org/gerbil/experiment?id=202210140393	0.960118905	0.2611508676	40.14	0.4	0.42	0.69	0.4	0	2022-10-14 01:35:41	1.2.7
QALD9PlusTrain-MT	fr	['spacy_ner', 'mgenre_el', 'nllb_mt']	QALD9PlusTrain-MT_fr-en_gold_file	pred_results/QALD9PlusTrain-MT_fr-spacy_ner-mgenre_el-nllb_mt	71ee876d2f2f4b2184ffd95fd37ccfb6QALD9PlusTrain-MT_fr-en_gold_file.txt	40dc72729e2f4c9789be6ff5d331fd24QALD9PlusTrain-MT_fr-spacy_ner-mgenre_el-nllb_mt.txt	https://beng.dice-research.org/gerbil/experiment?id=202210140394	0.9689822409	0.3972594942	46.41	0.46	0.44	0.7	0.36	0	2022-10-14 01:35:51	1.2.7
QALD9PlusTrain-MT	fr	['spacy_ner', 'mgenre_el', 'mbart_mt']	QALD9PlusTrain-MT_fr-en_gold_file	pred_results/QALD9PlusTrain-MT_fr-spacy_ner-mgenre_el-mbart_mt	71ee876d2f2f4b2184ffd95fd37ccfb6QALD9PlusTrain-MT_fr-en_gold_file.txt	f9402a0ee8e54d68af3149852686ea23QALD9PlusTrain-MT_fr-spacy_ner-mgenre_el-mbart_mt.txt	https://beng.dice-research.org/gerbil/experiment?id=202210140395	0.959781166	0.2305283335	40.82	0.4	0.41	0.68	0.41	0	2022-10-14 01:36:01	1.2.7
QALD9PlusTrain-MT	fr	['no_ner', 'no_el', 'libre_mt']	QALD9PlusTrain-MT_fr-en_gold_file	pred_results/QALD9PlusTrain-MT_fr-no_ner-no_el-libre_mt	71ee876d2f2f4b2184ffd95fd37ccfb6QALD9PlusTrain-MT_fr-en_gold_file.txt	7d45aef932c446a2982d9c8074fb9de8QALD9PlusTrain-MT_fr-no_ner-no_el-libre_mt.txt	https://beng.dice-research.org/gerbil/experiment?id=202210140396	0.935107227	0.08930792921	31.73	0.32	0.4	0.6	0.51	0	2022-10-14 01:36:11	1.2.7
QALD9PlusTrain-MT	fr	['no_ner', 'no_el', 'opus_mt']	QALD9PlusTrain-MT_fr-en_gold_file	pred_results/QALD9PlusTrain-MT_fr-no_ner-no_el-opus_mt	71ee876d2f2f4b2184ffd95fd37ccfb6QALD9PlusTrain-MT_fr-en_gold_file.txt	23769b2078334f7bac4ff4be0a9b72feQALD9PlusTrain-MT_fr-no_ner-no_el-opus_mt.txt	https://beng.dice-research.org/gerbil/experiment?id=202210140397	0.9647635707	0.3367050823	42.14	0.42	0.43	0.71	0.37	0	2022-10-14 01:36:21	1.2.7
QALD9PlusTrain-MT	fr	['no_ner', 'no_el', 'nllb_mt']	QALD9PlusTrain-MT_fr-en_gold_file	pred_results/QALD9PlusTrain-MT_fr-no_ner-no_el-nllb_mt	71ee876d2f2f4b2184ffd95fd37ccfb6QALD9PlusTrain-MT_fr-en_gold_file.txt	3bf2cec0d80e49c487a9ed3a9d67b4ceQALD9PlusTrain-MT_fr-no_ner-no_el-nllb_mt.txt	https://beng.dice-research.org/gerbil/experiment?id=202210140398	0.9732986981	0.4728129324	48.76	0.49	0.46	0.72	0.33	0	2022-10-14 01:36:31	1.2.7
QALD9PlusTrain-MT	fr	['no_ner', 'no_el', 'mbart_mt']	QALD9PlusTrain-MT_fr-en_gold_file	pred_results/QALD9PlusTrain-MT_fr-no_ner-no_el-mbart_mt	71ee876d2f2f4b2184ffd95fd37ccfb6QALD9PlusTrain-MT_fr-en_gold_file.txt	cdbcff1f37f543d18a405cc7cbd4b5d2QALD9PlusTrain-MT_fr-no_ner-no_el-mbart_mt.txt	https://beng.dice-research.org/gerbil/experiment?id=202210140399	0.9639084864	0.30144002	42.83	0.43	0.43	0.7	0.38	0	2022-10-14 01:36:41	1.2.7